oekobaudatName,oekobaudatUuid____448d1096-2017-4901-a560-f652a83c737e____2020-II,oekobaudatUuid____22885a6e-1765-4ade-a35e-ae668bd07256____2023-I,tBaustoffName,eolCategoryName,eolScenarioReal,eolScenarioPotential,technologyFactor,
7.6.01. Garagensektionaltor,nicht vorhanden,5796c4d9-62e2-45f2-ae6c-23eade5d105b,Garagensektionaltor,nicht eingestuft,n.e.,n.e.,n.e.,
Abwasserrohr ABS,9fcc1331-0b4f-4c52-a5fc-e42d25c601dd,9099dfdd-22a6-4dee-9b60-0e90701e9d99,Abwasserrohr ABS,nicht eingestuft,n.e.,n.e.,n.e.,
Abwasserrohr GFK,f5c6cbd6-258c-4542-876a-1d44adfc0992,d1ea7d7e-bcfc-496c-8cb6-072f2339eb7f,Abwasserrohr GFK,nicht eingestuft,n.e.,n.e.,n.e.,
Abwasserrohr PE-HD,cd5b784e-497d-4c76-abbd-d66867e1e986,a198cf71-f033-4b76-9228-d22ca191b2f6,Abwasserrohr PE-HD,nicht eingestuft,n.e.,n.e.,n.e.,
Abwasserrohr PP,795b4798-b745-4189-a2b8-5d5f37d8d490,88558ef9-479f-405e-9e94-e36f817a3620,Abwasserrohr PP,nicht eingestuft,n.e.,n.e.,n.e.,
Abwasserrohr PVC,e1f7f83b-6f6e-4ed8-a666-0d49682982e1,61e47e03-7a7d-48db-a48a-f5368266f7f5,Abwasserrohr PVC,nicht eingestuft,n.e.,n.e.,n.e.,
"Acetyliertes Holz (1 m3, 510 kg/m3)",nicht vorhanden,3b1f0c75-07a4-4182-b310-5529fc5b54a6,Acetyliertes Holz ,Holz - acetyliert,EV+,EV+,0,
Acrylat Dichtmasse,b9272c24-9228-45b1-a2a3-d361abe0bb7f,c19ffdbb-75b8-49b3-b16b-e6b9707dc7d6,Acrylat Dichtmasse,nicht eingestuft,n.e.,n.e.,n.e.,
Aluminium Profil,bd6d6d89-b76d-4002-a217-afffbb8aa308,fdc99ab8-d843-44ec-a66c-92367d244321,Aluminium Profil,Alu unbeschichtet od. eloxiert (Sz. Knetleg zu Guss),RC+,CL+,0.75,
Aluminiumblech,a4c1c27c-53a0-4027-83f6-88c52c758bb1,f0f13788-bc1b-44d4-9f37-082a6d22b432,Aluminiumblech,Alu unbeschichtet od. eloxiert (Sz. Knetleg zu Guss),RC+,CL+,0.75,
"Aluminiumfolie (d=0,1 mm)",785d5ac4-c69d-4e00-941e-26433c1d023d,0fdc2fd3-fe48-499f-9158-74a6cc7185dc,"Aluminiumfolie (d=0,1 mm)",Alu-Folie,EB/Dep-,EB/Dep-,0,
"Aluminium-Flügelrahmenprofil, pulverbeschichtet",66990642-726e-4483-abc3-d5d0b4d7a5e7,9c97e6bb-8e4a-4e6e-ad2f-773eeab50739,"Aluminium-Flügelrahmenprofil, pulverbeschichtet","Alurahmen, gedämmt ",CL+/RC-,CL+/RC-,1,
"Aluminium-Flügelrahmenprofil, thermisch getrennt, pulverbeschichtet",c1cacd2c-d98d-4795-84db-b567d25bb1ed,9c4e69a2-9c53-4c54-9c2f-027091116aa1,"Aluminium-Flügelrahmenprofil, thermisch getrennt, pulverbeschichtet","Alurahmen, gedämmt ",CL+/RC-,CL+/RC-,1,
"Aluminium-Rahmenprofil, pulverbeschichtet",8b3ee4e2-c086-41dc-bd07-e9e853f9da8b,aef3b8cd-c3b4-4e55-b2d1-0a3a131e7695,"Aluminium-Rahmenprofil, pulverbeschichtet","Alurahmen, gedämmt ",CL+/RC-,CL+/RC-,1,
"Aluminium-Rahmenprofil, thermisch getrennt, pulverbeschichtet",dfa64bbb-dc8d-497b-9557-300416b8448f,33403851-59e9-463e-b238-b17afefc9a08,"Aluminium-Rahmenprofil, thermisch getrennt, pulverbeschichtet","Alurahmen, gedämmt ",CL+/RC-,CL+/RC-,1,
Ammoniak (R717),nicht vorhanden,2b3bf368-34e6-4e7c-917e-6f455d4c4bb8,Ammoniak (R717),nicht eingestuft,n.e.,n.e.,n.e.,
Anhydrit (CaSO4),839771be-ab23-4873-8b14-b2aa0f6ce9d9,40355b42-e78f-4a8d-b351-786eca37d791,Anhydrit Mix,nicht eingestuft,n.e.,n.e.,n.e.,
Armierung (Kunstharzspachtel),55a89d7b-b585-404f-be34-bb7285730a89,5c847387-b2b3-4ad5-8a11-e55488f957f6,Armierung (für Kunstharzspachtel),"Bitumenkaltkleber, Glasvlies, Glasfaserarmierung",EB,EB,0,
Asphaltbinder,6b6b68f8-34a4-4a0f-97ee-714bf106c3e0,3d1b480d-243f-4ff2-aa16-428e1a93f5d8,Asphaltbinder,nicht eingestuft,n.e.,n.e.,n.e.,
Asphalttragschicht,85de02e5-2782-4050-9c01-c5de3849fbce,f34786e7-0953-4085-9f3d-955481cdd4ea,Asphalttragschicht - Hochbau,Asphalt (Hochbau),Dep+,CL+,0.75,
Asphalttragschicht,85de02e5-2782-4050-9c01-c5de3849fbce,f34786e7-0953-4085-9f3d-955481cdd4ea,Asphalttragschicht - Infrastruktur,Asphalt (Infrastrukturbau),RC+,CL+,0.75,
Bade- und Duschwanne Acryl,nicht vorhanden,31b178fb-3403-4997-8d16-d59843d54bcd,Bade- und Duschwanne Acryl,nicht eingestuft,n.e.,n.e.,n.e.,
Balkenschichtholz Nadelholz (generisch),ac361408-4ede-4ed2-a638-598ee3c53285,21500862-0dac-4cd2-b5bd-f6cb8d5b121b,"Balkenschichtholz Nadelholz - unbeschichtet, naturbelassen","Holz - massiv, naturbelassen",RC+,CL+,0.75,
Balkenschichtholz Nadelholz (generisch),ac361408-4ede-4ed2-a638-598ee3c53285,21500862-0dac-4cd2-b5bd-f6cb8d5b121b,Balkenschichtholz Nadelholz - beschichtet,"Holz - massiv, beschichtet",RC+,CL-,1,
Balkenschichtholz Nadelholz (generisch),ac361408-4ede-4ed2-a638-598ee3c53285,21500862-0dac-4cd2-b5bd-f6cb8d5b121b,Balkenschichtholz Nadelholz - Störst.kl. S4 (Neueinstuf.),"Holz - behandelt mit HSM , FSM oder Beschichtung schwermetallfrei und halogenorg. V. > 1 und <= 3 M %",EV-,EV-,0,
Baumwolle konventionell,206deb33-2710-417d-9b92-aa70c7958334,5747cdb6-fb7d-4fbf-b7ee-38647ee470c7,Baumwolle konventionell,nicht eingestuft,n.e.,n.e.,n.e.,
Baumwolle ökologisch,061f0d5b-61f4-476d-9f2e-96f6a6df7786,e4800e06-854a-4f09-9114-21340fd19af5,Baumwolle ökologisch,nicht eingestuft,n.e.,n.e.,n.e.,
Befestigungsmittel/Schrauben Edelstahl,41ecf1e2-3edd-41ab-8616-68a856c815a5,8594fb05-4c10-4533-963a-7d1d28c7c148,Befestigungsmittel/Schrauben Edelstahl,nicht eingestuft,n.e.,n.e.,n.e.,
Befestigungsmittel/Schrauben verzinkt,b9c775be-d100-4d35-bdf3-c5964e655692,f9caaa66-88c9-4a65-8718-a15aec11fd8b,Befestigungsmittel/Schrauben verzinkt,nicht eingestuft,n.e.,n.e.,n.e.,
Beschlagverbund Fenster Stahl,ea4ff1e8-4ee8-4ecf-8951-a79b5b60dd2a,b6e9b76b-5be6-4b7b-be40-c32da896190f,Beschlagverbund Fenster Stahl,nicht eingestuft,n.e.,n.e.,n.e.,
,,,Beton - Carbonfasern / Textilbeton ,Beton - Carbonfasern ,Dep-,Dep-,0,
"Betonfertigteil Decke, Dicke 20cm",9357b7fc-cf0a-45fc-8299-e794e3889a40,6575f9dd-8a50-440c-90df-30608167c739,"Betonfertigteil Decke 20cm - exkl. Bewehrung, Standard EoL",Beton Standard (ohne Bewehr.),RC+,RC+,1,
"Betonfertigteil Decke, Dicke 20cm",9357b7fc-cf0a-45fc-8299-e794e3889a40,6575f9dd-8a50-440c-90df-30608167c739,"Betonfertigteil Decke 20cm - exkl. Bewehrung, Störst.kl. S4 (Neueinstufung)",Beton - Störstoffkl. S4 (ohne Bewehr.),SV,RC-,0.75,
"Betonfertigteil Treppe (1,1 m Breite, 9 Stufen a 16 cm)",ab0a0f3c-41f6-4b0a-a12c-f8bd0c8a4a23,2632f4e8-7671-4d87-a8bc-9defdb54d117,"Betonfertigteil Treppe (1,1 m Breite, 9 Stufen a 16 cm)  - exkl. Bewehrung, Standard EoL",Beton Standard (ohne Bewehr.),RC+,RC+,1,
"Betonfertigteil Treppe (1,1 m Breite, 9 Stufen a 16 cm)",ab0a0f3c-41f6-4b0a-a12c-f8bd0c8a4a23,2632f4e8-7671-4d87-a8bc-9defdb54d117,"Betonfertigteil Treppe (1,1 m Breite, 9 Stufen a 16 cm)  - exkl. Bewehrung, Störst.kl. S4 (Neueinstufung)",Beton - Störstoffkl. S4 (ohne Bewehr.),SV,RC-,0.75,
"Betonfertigteil Wand, Dicke 12cm",b342696e-2ebb-4fe1-a71d-f3520db0cee9,4ee14334-d724-44ec-a819-92b35500453b,"Betonfertigteil Wand 12cm  - exkl. Bewehrung, Standard EoL",Beton Standard (ohne Bewehr.),RC+,RC+,1,
"Betonfertigteil Wand, Dicke 12cm",b342696e-2ebb-4fe1-a71d-f3520db0cee9,4ee14334-d724-44ec-a819-92b35500453b,"Betonfertigteil Wand 12cm  - exkl. Bewehrung, Störst.kl. S4 (Neueinstufung)",Beton - Störstoffkl. S4 (ohne Bewehr.),SV,RC-,0.75,
Beton-Mauersteine,bdda4364-451f-4df2-a68b-5912469ee4c9,47583aa9-56d9-4b39-8cc3-e3513210dd17,Beton-Mauersteine - Standard EoL,Beton Standard (ohne Bewehr.),RC+,RC+,1,
Beton-Mauersteine,bdda4364-451f-4df2-a68b-5912469ee4c9,47583aa9-56d9-4b39-8cc3-e3513210dd17,Beton-Mauersteine - Störst.kl. S4 (Neueinstuf.),Beton - Störstoffkl. S4 (ohne Bewehr.),SV,RC-,0.75,
"Betonrohr, bewehrt",5a1cbf92-ed39-4e8c-bd01-5463bffb3c9d,16e0f5b5-8090-4466-b303-7b8ae71110d8,"Betonrohr, bewehrt",Rohre,n.e.,n.e.,n.e.,
"Betonrohr, unbewehrt",0eada728-b626-4f79-ba67-020635b4e67f,f421344b-6738-4e4a-82f3-10415fa9fc54,"Betonrohr, unbewehrt",Rohre,n.e.,n.e.,n.e.,
Bewehrungsstahl,e9ae96ee-ba8d-420d-9725-7c8abd06e082,8565038f-5c21-48d7-94cb-958498ba9dd3,Bewehrungsstahl,Stahl - Bewehrung,CL+,CL+,1,
Bims Schotter,8de12467-96a0-459e-9f97-90e95fb7b23f,6d3a545c-07b1-4d65-8fa9-2574dca3f8d9,Naturbims Körnung,Bims / Blähschüttung,Dep+,RC+,0.75,
Bims-Planstein (SFK-4),8f44840b-28ae-418b-bf12-fcac5b7c68b3,8aa75389-7865-41ad-9763-6252c5ab1fe5,Bims-Planstein (SFK-4),Leichtbeton - RC-Potenzial,SV,RC-,0.25,
Bimssand,81a76ff5-8928-4f71-8e1f-c7c78b7e5a95,050c82cc-9f07-48c2-a365-c41b1fa4fb1e,Bimssand,Bims / Blähschüttung,Dep+,RC+,0.75,
"Bitumen Emulsion (40% Bitumen, 60% Wasser)",a6b26cf9-3f9a-4abc-9412-87fdc0cdf3f6,49a70830-f0ff-4e1b-a0b7-4f4da313fa28,"Bitumen Emulsion (40% Bitumen, 60% Wasser)","Bitumenkaltkleber, Glasvlies, Glasfaserarmierung,..",EB,EB,0,
"Bitumen Kaltkleber (60% Bitumen, 23%LM, 17% Wasser)",5ae00c4e-1b1c-4374-9864-2aee735a0563,57a01f9b-798f-4a5d-b476-bd20c7bd25bd,"Bitumen Kaltkleber (60% Bitumen, 23%LM, 17% Wasser)","Bitumenkaltkleber, Glasvlies, Glasfaserarmierung,..",EB,EB,0,
Bitumenbahnen G 200 S4,64da45fc-f415-4875-8a4e-7c23fe7a7aa9,bdf0a7e9-3fae-4780-b5ca-3d686c6d46d0,"Bitumenbahnen G 200 S4 (Glasgewebeeinl., Feinsand)",Bitubahn (ggf. mit Glasvlies),EV-,RC-,0.25,
,,,Bitumenbahnen mit Alu oder Kupfer,"Bitubahn mit Metallverbund (Alu-, Cu-,..)",EB,EB,0,
Bitumenbahnen PYE PV 200 S5 (ungeschiefert),ff9336ea-fb7f-4299-8a40-5e9a28538c85,654c37c4-8967-4eae-b10c-9574b39a3308,Bitumenbahnen PYE PV 200 S5 (ungeschiefert) (Polyestervlies),Bitubahn (ggf. mit Glasvlies),EV-,RC-,0.25,
Bitumenbahnen PYE-PV 200 S5 ns (geschiefert),d56bd904-09a0-4d30-bdbe-5d4f892cc12b,547d0037-2ebd-40ef-b2a5-1d742afc2851,Bitumenbahnen PYE-PV 200 S5 ns (geschiefert) (Polyestervlies),Bitubahn (ggf. mit Glasvlies),EV-,RC-,0.25,
Bitumenbahnen V 60,73d1c1b7-d509-44c8-8518-848babdd7c01,da3f32e3-7b0d-44f2-ba03-8dd93aa94f75,"Bitumenbahnen V 60 (Glasvlies, bestreut)",Bitubahn (ggf. mit Glasvlies),EV-,RC-,0.25,
Bitumenverträgliche Polyisobutylen (PIB) Kunststoffdachbahn,nicht vorhanden,b6e523cc-d329-49fb-b138-af531552862f,Polyisobutylen (PIB) Kunststoffdachbahn,KSTBahn,EV-,EV-,0,
Blähglas Granulat,e2306538-776d-4bc5-ae3b-1c920fb40285,03df95b7-c807-461d-a163-56a98528d8e8,Blähglas Körnung,Bims / Blähschüttung,Dep+,RC+,0.75,
,,,Blähglasgranulatplatte,Leichtbeton - best case,SV,RC-,0.25,
,,,Blähperlit-Platten,Mineralplatte,Dep+,SV,0.75,
Blähschiefer,b76ded67-067b-47f6-b131-a73db86039b0,d908dcf0-4db3-4f92-be60-79c6f5183aca,Blähschiefer,Bims / Blähschüttung,Dep+,RC+,0.75,
Blähton Granulat,f70e7397-ab7b-47c8-a172-6992a615ee2e,d5df3d3b-abfa-4ba9-9ec0-60e7fe21b72a,Blähton Körnung,Bims / Blähschüttung,Dep+,RC+,0.75,
Blähton LB Hohlblockstein Trennwand,c7e171fb-d5eb-4867-9fb2-961dec81d6aa,b5559dc3-d47d-4b11-b3bd-e8b7531ffe61,Blähton LB Hohlblockstein Trennwand,Leichtbeton - RC-Potenzial,SV,RC-,0.25,
Blähton LB Planstein Außenwand,21a40e8f-3897-4465-975b-81b6370936fb,733f56d5-e70e-4140-9741-63389e3685c2,Blähton LB Planstein Außenwand,Leichtbeton - best case,SV,RC-,0.25,
Blähton LB Planstein Innenwand,1b978129-dd5e-45ea-9c82-1c3510e9c965,854bc861-2582-426b-a138-b483a7493a21,Blähton LB Planstein Innenwand,Leichtbeton - worst case,Dep+,SV,0.75,
Blähton Sand,3749834e-307f-4cb2-b903-4ef4bd463446,008280d2-302f-4735-b845-1b3af6f14151,Blähton Sand,Bims / Blähschüttung,Dep+,RC+,0.75,
Blendrahmen PVC-U,nicht vorhanden,de4d3046-fd0c-479f-a1a6-ae13a9092fc7,Blendrahmen PVC-U,PVC hart,SV,SV,0,
Brandschutzglas F30,nicht vorhanden,1da7a0ab-1204-4ee6-b8fe-77a28f642f0d,Brandschutzglas F30,Brandschutzverglasung,RC-,RC+,0.5,
Brechsand 0/2,a4d16918-287f-43af-831d-baf80093fe4a,becd932f-899e-4b1b-962c-64ea26c51be0,Brechsand 0/2,Sand,CL+,CL+,1,
Brechsand 0/2 (getrocknet),230cd2c6-0b79-461b-b51a-d092e66843ca,6d5a2172-9fb7-4dc6-914a-5cd09d6afdbd,Brechsand 0/2 (getrocknet),Sand,CL+,CL+,1,
Brettschichtholz Nadelholz (generisch),8041ec07-5885-40dc-bfc9-190013f6749b,c816b036-6bdf-48e5-8ef8-a76d7872f589,Brettschichtholz Nadelholz,"Holz - massiv, naturbelassen",RC+,CL+,0.75,
,,,Brettsperrholz,"Holz - massiv, naturbelassen",RC+,CL+,0.75,
Calziumsilikatplatte,6405878c-ed34-4bee-b100-5208a3212ec6,e76bbf03-1aa3-4ebd-90b9-8abfeabb9766,Calciumsilikatplatte,Mineralplatte,Dep+,SV,0.75,
Calciumsulfatestrich,34d3bb5e-f241-45b4-b257-123281364d97,8e1613f4-ef3e-4f4e-b337-c755c08cad6b,Calciumsulfatestrich,Estrich CA - Anhydritestrich,Dep+,RC-,0.25,
Chlorodifluormethan (R22),nicht vorhanden,3e5bc771-47de-4d5f-b01c-d64eec397dce,Chlorodifluormethan (R22),nicht eingestuft,n.e.,n.e.,n.e.,
CR Profil (Chloropren-Kautschuk),nicht vorhanden,2dc5d1cf-ffce-42c2-a127-f412f3ef5fe2,CR Profil (Chloropren-Kautschuk),KSTProfil (Halog),EB,EB,0,
Dachbahnen EPDM,341e2e42-dab2-427b-86f6-a80c701b6071,48a0f50e-6dd0-4495-b0a4-210315b06680,Dachbahnen EPDM,KSTBahn,EV-,EV-,0,
1.3.11. Dachsteine (Beton),nicht vorhanden,ddc288f0-8ce4-4249-b386-74b15fb1b63a,Dachsteine / Beton-,Betondachstein,RC+,RC+,1,
Dachziegel,826fa2c2-c691-4844-83d3-aea0e8a54bcd,700f0fa1-6870-40b3-af87-692b103a61a2,Dachziegel / Ton-,Tondachziegel,RC+,RC+,1,
Dampfbremse PA,4bb6f0f6-178c-41e0-8700-bd597f23ccb8,d6eec5bf-7727-46ab-b1de-62ac94b90016,Dampfbremse PA,KSTBahn,EV-,EV-,0,
Dampfbremse PE,99792cbc-c5f4-4d2d-bc9e-3790509891a0,7b949ae4-3793-4670-86d8-241578803aa2,Dampfbremse PE,KSTBahn,EV-,EV-,0,
Dampfbremse PET gitterverstärkt,bc50a404-ddf0-4f37-b62f-95130786b004,b86a5061-4138-4a1a-889d-0c53f4868f49,Dampfbremse PET gitterverstärkt,KSTBahn,EV-,EV-,0,
,,,DFF: Alu-Holz-Komposit-Rahmen [kg/m² Rahmen],"Holz-Alu-Rahmen, Regelvermutung HSM",EV+,EV+,0,
,,,DFF: Alu-Holz-Komposit-Rahmen [kg/m² Rahmen] ohne HSM,"Holz-Alu-Rahmen, Nachweis kein HSM",RC-,RC+,0.75,
,,,DFF: Alu-Kunststoff-Komposit [kg/m² Rahmen],PVC hart,SV,SV,0,
,,,"DFF: Aluminiumrahmen, gedämmt [kg/m² Rahmen]","Alurahmen, gedämmt ",CL+/RC-,CL+/RC-,1,
,,,"DFF: Holzrahmen Fichte, beschichtet [kg/m² Rahmen]",Holzrahmen,EV+,EV+,0,
,,,"DFF: Holzrahmen Lärche, beschichtet [kg/m² Rahmen]",Holzrahmen,EV+,EV+,0,
,,,DFF: Kunststoffrahmen PVC  [kg/m² Rahmen],PVC hart,SV,SV,0,
Dichtmasse auf Polysulfidbasis,nicht vorhanden,f177c28d-ecc0-45a7-bd56-016c39983102,Dichtmasse auf Polysulfidbasis,nicht eingestuft,n.e.,n.e.,n.e.,
Difluormethan (R32),nicht vorhanden,2be89e89-3c8e-46cf-9315-2faeecec2ad0,Difluormethan (R32),nicht eingestuft,n.e.,n.e.,n.e.,
Dispersionsputz,nicht vorhanden,be24a0a5-c3ca-4995-b363-653f3e3f5df2,Dispersionsputz,WDVS - Putz etc.,Dep-,Dep-,0,
Dreifachverglasung,nicht vorhanden,6eaddefb-7a0f-43e4-a0cb-8459c26e0947,Dreifachverglasung,Wärmeschutzverglasung,RC-,RC+,0.5,
Drei-Schichtholzplatte (generisch),41a60838-5c4e-4dbb-8a36-16cfc8fba26f,f48f168d-149c-4683-8a34-20dba05efe58,Drei-Schichtholzplatte,Holzwerkstoff - nicht beschichtet,RC+,RC+,1,
ECB Kunststoff-Dachbahn nach DIN 16729 (mit PES Vlies),aaf4baca-7530-435b-8736-0bd3bb51e36d,ec2ec7ad-8fe1-45c0-b767-8e6b6467ea3d,ECB Kunststoff-Dachbahn nach DIN 16729 (mit PES Vlies),KSTBahn,EV-,EV-,0,
Edelstahlblech,88559403-7658-48f2-bac9-7986b4d0f4c2,649fd5c6-2c2d-47d9-9a1a-a567673c9fd0,Edelstahlblech,Edelstahl,CL+,CL+,1,
Edelstahl-Trinkwasserrohr,4d37d8f4-13db-418d-820d-5cf08f050eff,d8d0942a-0c4e-49e0-bd78-abc84a41fd80,Edelstahl Trinkwasserrohr,nicht eingestuft,n.e.,n.e.,n.e.,
Einblasdämmung Mineralwolle,601af947-1f14-474d-8233-780715a12268,b3abdd33-34fc-473a-a235-218cfd601c8e,Einblasdämmung Mineralwolle Rho 50 kg/m³,Mineralwolle Glaswolle,Dep-,SV,0.75,
,,,Elastomer-Dachbahnen,KSTBahn,EV-,EV-,0,
"Elastomer Fugenbänder, Polysulfid",nicht vorhanden,d889ff72-db8d-4d94-872a-77f7f839aab9,"Elastomer Fugenbänder, Polysulfid",nicht eingestuft,n.e.,n.e.,n.e.,
"Elastomer Fugenbänder, Polyurethan",nicht vorhanden,19dc7f68-bf0a-4437-b1c1-2dd997d16632,"Elastomer Fugenbänder, Polyurethan",nicht eingestuft,n.e.,n.e.,n.e.,
"Elastomer Fugenbänder, Silikonkautschuk",nicht vorhanden,e39f8b09-c362-4a42-a96a-1a192c0899a3,"Elastomer Fugenbänder, Silikonkautschuk",nicht eingestuft,n.e.,n.e.,n.e.,
Elektrischer Durchlauferhitzer (21 kW),nicht vorhanden,bd992ce2-8dd4-4af5-bca1-72dcbf2b5506,Elektrischer Durchlauferhitzer (21 kW),nicht eingestuft,n.e.,n.e.,n.e.,
Eloxieren von Aluminiumblech,nicht vorhanden,e9920105-0f1a-4452-9a08-47289dc04116,Eloxieren von Aluminiumblech,Prozess,n.e.,n.e.,n.e.,
EPDM Schaum (Rohrisolierung),nicht vorhanden,fb2fb3cd-df97-4077-99fd-082117ba81f6,EPDM Schaum (Rohrisolierung),nicht eingestuft,n.e.,n.e.,n.e.,
"EPDM-Dichtungen Aluminiumprofil, thermisch getrennt",nicht vorhanden,f0b03a7a-06f1-45c9-9597-e6c60907f3e0,"EPDM-Dichtungen Aluminiumprofil, thermisch getrennt",nicht eingestuft,n.e.,n.e.,n.e.,
EPDM-Dichtungen für Aluminiumprofil,nicht vorhanden,01a66f11-99ef-4fec-b34b-d68a377820ee,EPDM-Dichtungen für Aluminiumprofil,nicht eingestuft,n.e.,n.e.,n.e.,
Epoxidharzmörtel,nicht vorhanden,76312ca6-3ec4-4a40-a96e-fdda2765e049,Epoxidharzmörtel,"Kleber (nicht-mineralisch: Kunstharzkleber,…)",EV-,EV-,0,
EPS-Hartschaumdämmung,nicht vorhanden,0759d305-3ddd-4209-b25e-33ea9e440d90,EPS-Hartschaumdämmung - Sz. Creasolv,EPS - Sz. Creasolv,EV-,CL-,0.25,
EPS-Hartschaumdämmung,nicht vorhanden,0759d305-3ddd-4209-b25e-33ea9e440d90,EPS-Hartschaumdämmung - Sz. Verbrennung,EPS - Sz. Energet. Beseitig.,EV-,EV-,0,
EPS-Hartschaumdämmung,nicht vorhanden,0759d305-3ddd-4209-b25e-33ea9e440d90,EPS-Hartschaumdämmung - Sz. RC als Schütt.,EPS - Sz. RC als Schütt.,EV-,SV,0.75,
EVA-Dachbahnen,nicht vorhanden,60203e0a-cd90-4ff9-8ec7-da3a1b0b1588,EVA-Dachbahnen,KSTBahn,EV-,EV-,0,
Expandierte Perlit-Dämmplatten für den Innenbereich,nicht vorhanden,7b26b760-0cc0-48b1-8c61-9357cd2b7ba3,Expandierte Perlit-Dämmplatten für den Innenbereich,Mineralplatte,Dep+,SV,0.75,
Expandierter Kork,b50fa992-e435-455a-8dfe-82254e9f4f48,c1d62b9b-d4bb-4220-b5b5-d078d527f457,Expandierter Kork,Kork,EV-,RC+,0.75,
Extrudierter Polystyrol Dämmstoff (XPS),43e99b8c-90d8-4fcd-90ce-342fb0b7366e,37f50a3e-5445-4bce-8eda-98f01dba441f,XPS-Dämmstoff,XPS,EV-,RC+,0.25,
Fahrstuhl - Grundkomponenten (stockwerkunabhängig),nicht vorhanden,b7dbc0bc-ac9d-4d3e-83bf-f96b3ed5eeea,Fahrstuhl - Grundkomponenten (stockwerkunabhängig),nicht eingestuft,n.e.,n.e.,n.e.,
Fahrstuhl - Komponenten (stockwerkabhängig),nicht vorhanden,11e6b53d-0d72-4d04-875d-2fc11e3e63a5,Fahrstuhl - Komponenten (stockwerkabhängig),nicht eingestuft,n.e.,n.e.,n.e.,
Fahrtreppe - Grundkomponenten (unabhängig von der Förderhöhe),nicht vorhanden,2f4fd218-4f75-4657-aed8-b6f13e83dfc5,Fahrtreppe - Grundkomponenten (unabhängig von der Förderhöhe),nicht eingestuft,n.e.,n.e.,n.e.,
Fahrtreppe - Komponenten (förderhöhenabhängig),nicht vorhanden,7ab14975-7e67-4226-9f08-c63448e6b70a,Fahrtreppe - Komponenten (förderhöhenabhängig),nicht eingestuft,n.e.,n.e.,n.e.,
Faserverstärkte Spachtelmasse,nicht vorhanden,0478ac14-93bf-4c84-80a3-2c1e6e128496,Faserverstärkte Spachtelmasse,faserverstärkt,Dep-,Dep-,0,
Faserzementplatte (Fassade),e24f9f47-8580-45c2-b16d-45145d65a813,26a2ed2d-fef5-4f8e-93db-63ad5b865f66,Faserzementplatte,Faserzement,Dep-,Dep-,0,
Fassadenfarbe Dispersionsfarbe,fcf6494c-aad2-4180-b1a2-392cc954ae52,539f5cd0-4e0a-4aae-87eb-e018dbebea4d,Fassadenfarbe Dispersionsfarbe,"Farben, sonstige Beschichtungen (mineral. Untergrund)",Dep-,Dep-,0,
Fassadenfarbe Silikat-Dispersionsfarbe,02f2750e-eec2-492a-9f05-b9600593b6c5,656568b3-6a42-4a6e-917d-4ddcc3dca17b,Fassadenfarbe Silikat-Dispersionsfarbe,"Farben, sonstige Beschichtungen (mineral. Untergrund)",Dep-,Dep-,0,
Fassadenfarbe Silikonharzfarbe,815fb8f6-04cc-494d-ab6b-1b6eae98bfca,b923c64c-2da3-4f0c-ada3-5d1eeb884880,Fassadenfarbe Silikonharzfarbe,"Farben, sonstige Beschichtungen (mineral. Untergrund)",Dep-,Dep-,0,
Fassadenfarbe Voranstrich Dispersion,948f8f68-f1f2-42f6-8350-6e27d6e80c7c,f830ac7f-04a0-46e0-a5ed-1b66a09555f5,Fassadenfarbe Voranstrich Dispersion,"Farben, sonstige Beschichtungen (mineral. Untergrund)",Dep-,Dep-,0,
Fassadenfarbe Voranstrich Silikat-Dispersion,0b488798-140f-4efa-96e2-55aa46ed129a,e6a19775-cdd4-40a5-a3bc-8d567c1cd4cc,Fassadenfarbe Voranstrich Silikat-Dispersion,"Farben, sonstige Beschichtungen (mineral. Untergrund)",Dep-,Dep-,0,
Fassadenklinker,d311ba82-a703-4865-b5e3-f704e5b88712,5dddc87c-6b72-4801-b822-4301138c99ce,Fassadenklinker,Keramik - Fassade,RC+,RC+,1,
Fenster-Beschlag für Doppelflügelfenster,4bf26663-9018-47a1-943d-8ed4d3f87d0f,69c60c09-e729-4327-b0fd-2b778c6942c5,Fenster-Beschlag für Doppelflügelfenster,nicht eingestuft,n.e.,n.e.,n.e.,
Fenster-Beschlag für Drehkippfenster (Aluminium),b1efabb9-6371-4b96-9ee2-d1f11f9f3b25,8dc96f29-ec8d-43ba-ba08-a2362003078a,Fenster-Beschlag für Drehkippfenster (Aluminium),nicht eingestuft,n.e.,n.e.,n.e.,
Fenster-Beschlag für horizontales Schiebefenster,00c28f1f-1d49-4c81-9208-138922a1dd6c,640ca097-4329-47d0-a762-7ed858239c3a,Fenster-Beschlag für horizontales Schiebefenster,nicht eingestuft,n.e.,n.e.,n.e.,
Fenster-Beschlag für vertikales Schiebefenster,72c69944-5250-4269-ad34-2e20e5e38231,67331443-825b-4e74-87bb-27d5a55dd159,Fenster-Beschlag für vertikales Schiebefenster,nicht eingestuft,n.e.,n.e.,n.e.,
Fensterglas einfach,1490b480-2c36-43f2-ba8b-4ea49948f7c3,3598f7e3-1be1-4a05-9d2e-f41ad4623ced,Fensterglas einfach,Klarglas (Bestand),RC-,RC+,0.5,
Fenstergriff,38ddefe2-e01c-4ece-9952-a353b7dfb246,96fd0760-5c7a-4ab6-a29a-050b68fc9c69,Fenstergriff,nicht eingestuft,n.e.,n.e.,n.e.,
Feuerverzinktes Stahlblech,50c9e674-afd9-456c-9440-6506bec6d55b,9812f03c-2a15-40bf-9c10-05f6924a420f,Feuerverzinktes Stahlblech,Stahl - Stahl(blech) verzinkt,CL-,CL-,1,
Flachsvlies,af13e5a8-0961-454a-ad3a-7093a37fc802,1edb805d-08dc-461e-8195-05a9865470d0,Flachsvlies (mit Flammschutzmittel),"DS Pflanzenfaser mit Zusatzstoffen (FSM, Bindemittel)",EV-,EV-,0,
Fliesenkleber,78b7cd15-d82a-4ffa-ae08-870b6e5d35d4,b3581465-212c-4c61-ad7c-229c16975650,Fliesenkleber,"organ. Putz (Fliesenkleber Störstoff, Masse Einstuf. ident zu organ. Putz)",Dep-,Dep-,0,
"Fliesenkleber, dispersionsbasiert",nicht vorhanden,bc0f8673-222f-4510-8cc5-08f0646a545b,"Fliesenkleber, dispersionsbasiert","Kleber (nicht-mineralisch: Kunstharzkleber,…)",EV-,EV-,0,
"Flüssiggastank 2700 l/1,2 t (oberirdisch)",nicht vorhanden,2dce11cf-7975-4215-8d0c-2d7760595853,"Flüssiggastank 2700 l/1,2 t (oberirdisch)",nicht eingestuft,n.e.,n.e.,n.e.,
"Flüssiggastank 2700 l/1,2 t (unterirdisch)",nicht vorhanden,2424aa0d-0a25-447e-9d2b-a9903a9956fa,"Flüssiggastank 2700 l/1,2 t (unterirdisch)",nicht eingestuft,n.e.,n.e.,n.e.,
"Flüssiggastank 4850 l/2,1 t (unterirdisch)",nicht vorhanden,eba7908d-7cd5-48f8-a707-91954f68ec80,"Flüssiggastank 4850 l/2,1 t (unterirdisch)",nicht eingestuft,n.e.,n.e.,n.e.,
"Flüssiggastank 4850 l/2,1t (oberirdisch)",nicht vorhanden,58b82b81-40bd-4c25-b8f2-c14dab8619da,"Flüssiggastank 4850 l/2,1t (oberirdisch)",nicht eingestuft,n.e.,n.e.,n.e.,
"Flüssiggastank 6400 l/2,9 t (oberirdisch)",nicht vorhanden,90131f95-e18b-4d64-99dd-efbdecba1d6e,"Flüssiggastank 6400 l/2,9 t (oberirdisch)",nicht eingestuft,n.e.,n.e.,n.e.,
"Flüssiggastank 6400 l/2,9 t (unterirdisch)",nicht vorhanden,c28a0d9c-8582-4a4e-b848-9f194a52317c,"Flüssiggastank 6400 l/2,9 t (unterirdisch)",nicht eingestuft,n.e.,n.e.,n.e.,
,,,Kunststoffrahmen PVC mit Aludeckschale [kg/m² Rahmen],PVC hart,SV,SV,0,
Flügelrahmen PVC-U,nicht vorhanden,4ca023d1-2eda-43ab-9c55-481a6d250d9b,Kunststofftrahmen PVC [kg/m² Rahmen],PVC hart,SV,SV,0,
Flüssigkunststoffe zur Bauwerksabdichtung auf SMP-Basis,nicht vorhanden,8d95efa8-e37d-4958-84a1-b9a920818e92,Flüssigkunststoffe zur Bauwerksabdichtung auf SMP-Basis,"Farben, sonstige Beschichtungen (mineral. Untergrund)",Dep+,Dep+,0,
Folie aus Polytetrafluorethylen (PTFE),f281ecaf-5754-4d27-8d70-cfd18780b192,2014a394-f4e5-47dd-9e8a-ee2628bd73f3,Folie aus Polytetrafluorethylen PTFE,KSTBahn (Halog),EB,EB,0,
Folie für Gründach,8a37ac61-585c-43a8-9773-10fce30096e4,4c569188-c899-44da-8843-523c2c741efe,Folie für Gründach,KSTBahn (Halog),EB,EB,0,
Fugendichtungsbänder Butyl,b060ccb6-2e27-456e-87c4-0b5d4453d917,0362ebd3-9df6-473d-8a66-dccec38bf361,Fugendichtungsbänder Butyl,nicht eingestuft,n.e.,n.e.,n.e.,
Fugendichtungsbänder Gewebebänder,1b50fee4-e5e3-41a0-9741-ab81fb4297d6,1c56ee59-c832-42fb-bf86-ad86adcd1666,Fugendichtungsbänder Gewebebänder,nicht eingestuft,n.e.,n.e.,n.e.,
Fugendichtungsbänder PE/PP-Folie,aadadf2a-2896-4681-bc4c-61ea4616f801,a122b12f-ae8c-4806-b78c-ba5389bbd52f,Fugendichtungsbänder PE/PP-Folie,nicht eingestuft,n.e.,n.e.,n.e.,
Fugendichtungsbänder Polyisobutylen,98e0caab-5f0b-452f-a3d2-4e0256a799f3,f5c5632d-8a1e-47a7-b084-fd9fec790e68,Fugendichtungsbänder Polyisobutylen,nicht eingestuft,n.e.,n.e.,n.e.,
Fünf-Schichtholzplatte (generisch),74a7b85a-c028-4cf1-987e-7dfddcb9033b,832aabab-e539-4356-b06a-2d2b70b7b109,Fünf-Schichtholzplatte,Holzwerkstoff - nicht beschichtet,RC+,RC+,1,
Furnierschichtholz (generisch),b50f7b36-d9aa-40c5-b839-4925a1500952,6931f21e-27bd-4eb4-b80a-f1eab2817ee0,Furnierschichtholz (Laminated Veneer Lumber),Holzwerkstoff - nicht beschichtet,RC+,RC+,1,
Fußbodenheizung Kupfer (100 mm Abstand),nicht vorhanden,f55e9321-9133-4259-8abe-fe9cd8ae9171,Fußbodenheizung Kupfer (100 mm Abstand),nicht eingestuft,n.e.,n.e.,n.e.,
Fußbodenheizung Kupfer (200 mm Abstand),nicht vorhanden,1a068fac-fca7-4891-8891-4511e1711b4c,Fußbodenheizung Kupfer (200 mm Abstand),nicht eingestuft,n.e.,n.e.,n.e.,
Fußbodenheizung PEX (100 mm Abstand),nicht vorhanden,87860f4c-ffd2-4fd9-a381-04b3975c28ae,Fußbodenheizung PEX (100 mm Abstand),nicht eingestuft,n.e.,n.e.,n.e.,
Fußbodenheizung PEX (200 mm Abstand),nicht vorhanden,03c47c52-3265-49d9-8804-6c447031ce73,Fußbodenheizung PEX (200 mm Abstand),nicht eingestuft,n.e.,n.e.,n.e.,
Fußbodenheizung PP (100 mm Abstand),nicht vorhanden,979226f9-7902-47c6-8cee-5a94ba63185a,Fußbodenheizung PP (100 mm Abstand),nicht eingestuft,n.e.,n.e.,n.e.,
Fußbodenheizung PP (200 mm Abstand),nicht vorhanden,6e50c70d-3339-4118-b5be-4f27d5bca333,Fußbodenheizung PP (200 mm Abstand),nicht eingestuft,n.e.,n.e.,n.e.,
Gas Blockheizkraftwerk (500 kW),nicht vorhanden,5b90a086-26c7-41dc-82fa-3b04fe7e36c2,Gas Blockheizkraftwerk (500 kW),nicht eingestuft,n.e.,n.e.,n.e.,
Gas-Brennwertgerät < 20 kW (Standgerät),nicht vorhanden,230a51a2-2892-414f-9357-49e1df9fb9d0,Gas-Brennwertgerät < 20 kW (Standgerät),nicht eingestuft,n.e.,n.e.,n.e.,
Gas-Brennwertgerät < 20 kW (Wandgerät),nicht vorhanden,cc25ba78-0036-49ab-8e55-10bdde0317bd,Gas-Brennwertgerät < 20 kW (Wandgerät),nicht eingestuft,n.e.,n.e.,n.e.,
Gas-Brennwertgerät 120-400 kW (Standgerät),nicht vorhanden,2099e104-ce43-4c05-a923-a7a8b044dd6f,Gas-Brennwertgerät 120-400 kW (Standgerät),nicht eingestuft,n.e.,n.e.,n.e.,
Gas-Brennwertgerät 20-120 kW (Standgerät),nicht vorhanden,0b82bbb7-4048-4da5-830c-e040e9f3a929,Gas-Brennwertgerät 20-120 kW (Standgerät),nicht eingestuft,n.e.,n.e.,n.e.,
Gas-Niedertemperaturgerät < 20 kW (Standgerät),nicht vorhanden,70652929-4cec-4671-a726-1bde18f5c3a5,Gas-Niedertemperaturgerät < 20 kW (Standgerät),nicht eingestuft,n.e.,n.e.,n.e.,
Gas-Niedertemperaturgerät 120-400 kW (Standgerät),nicht vorhanden,f9043619-1d1a-4af1-a42d-8bff43c7cd9c,Gas-Niedertemperaturgerät 120-400 kW (Standgerät),nicht eingestuft,n.e.,n.e.,n.e.,
Gas-Niedertemperaturgerät 20-120 kW (Standgerät),nicht vorhanden,d75af170-2269-426a-b72a-1d78f5c4091d,Gas-Niedertemperaturgerät 20-120 kW (Standgerät),nicht eingestuft,n.e.,n.e.,n.e.,
Gaswärmepumpe (Luft) 20-70 kW,nicht vorhanden,ae06899a-fd3f-4ea6-9922-139dfd0e6ba9,Gaswärmepumpe (Luft) 20-70 kW,nicht eingestuft,n.e.,n.e.,n.e.,
"Gehäuse Downlight 18W (CFL, G24D))",nicht vorhanden,1c79a9bf-cd85-41f3-a261-1577cd08a187,"Gehäuse Downlight 18W (CFL, G24D))",nicht eingestuft,n.e.,n.e.,n.e.,
"Getuftete Teppichfliesen (PA 6), LC3",nicht vorhanden,cc0a42be-7e68-4564-a09d-3c478f82af5b,"Getuftete Teppichfliesen (PA 6), LC3",Bodenbelag textil 100 % synthetisch,EV-,EV-,0,
Gips (CaSO4-Alpha-Halbhydrat),5ce375b1-eb6d-4fc7-84bb-11ae702d3056,93f371be-ae3e-4baf-b607-5e2563a9288f,Gips (CaSO4-Alpha-Halbhydrat) Grundstoff, keine Einstufung,nicht eingestuft,n.e.,n.e.,n.e.
Gips (CaSO4-Beta-Halbhydrat),ee840270-3055-428a-b38d-e7727426cc35,6d6d0d3f-79a3-461b-8a8c-fa4a78875da0,Gips (CaSO4-Beta-Halbhydrat) Grundstoff, keine Einstufung,nicht eingestuft,n.e.,n.e.,n.e.
Gips Kalk Putz,0b0d0210-c31d-4fc7-b11a-9cdfe0a87ed6,a3c3d772-142f-4494-ab5e-c3eb604bbe55,Gips-Kalk-Putz auf Massivbaustoff,Gipsputz (auf Gipsbaustoff),Dep+,RC-,0.25,
Gips Kalk Putz,0b0d0210-c31d-4fc7-b11a-9cdfe0a87ed6,a3c3d772-142f-4494-ab5e-c3eb604bbe55,Gips-Kalk-Putz auf Gipsbaustoff,Gipsputz (auf Massivbaustoff),Dep+,Dep+,0,
"Gipsbauplatte (Feuerschutz, 12,5mm)",da72684f-471c-425b-817d-69f262323f04,9847cae4-4e56-40f3-a6d0-f0a153239669,Gipskartonplatte (Feuerschutz),Gipsplatte,Dep+,CL+,0.75,
"Gipsbauplatte (imprägniert, 12,5mm)",07423e99-8c7c-4e93-8311-dcf7ae85c41d,21034c58-7460-469d-8715-88d1eb90936c,Gipskartonplatte (imprägniert),Gipsplatte,Dep+,CL+,0.75,
"Gipsbauplatte (gelocht, 12,5 mm)",207cde6a-73be-4ffb-972d-30d3d8619fc3,ad411530-b146-47bb-85da-47dc47858864,Gipskartonplatte (Lochplatte),Gipsplatte,Dep+,CL+,0.75,
Gipsfaserplatte (10mm),6d535792-4351-4d7d-97c6-6d2c3624f3e0,ff0f4b64-9735-4402-a053-dd34f2edd422,Gipsfaserplatte,Gipsfaser,Dep+,RC-,0.25,
Gipsputz (innen),b7fb8ab4-e1e2-4a0b-a9c4-abd6cfa6c7f3,f8e81ff6-1886-482e-9a78-7b1246a8c8f9,Gipsputz (innen),Gipsputz (auf Gipsbaustoff),Dep+,RC-,0.25,
Gipsputz (innen),b7fb8ab4-e1e2-4a0b-a9c4-abd6cfa6c7f3,f8e81ff6-1886-482e-9a78-7b1246a8c8f9,Gipsputz (innen),Gipsputz (auf Massivbaustoff),Dep+,Dep+,0,
Gipsstein (CaSO4-Dihydrat),fbd76e49-0fb1-47e0-abba-903ce1272684,f7ad2652-d3a4-4d01-8f54-e668d1257ed1,Gipsstein (CaSO4-Dihydrat) Grundstoff, keine Einstufung,nicht eingestuft,n.e.,n.e.,n.e.
Gipswandbauplatte (100mm),38a8d707-0c7f-4d91-a3db-9b5b2c9bb147,801d6e4d-4d9a-40e4-aa8f-37b722e62296,Gipswandbauplatte (100 mm),Gipsplatte,Dep+,CL+,0.75,
Glasbausteine,1f2d6e42-9ffc-421d-990d-555eee4a7529,bf575960-32e9-47f6-833e-cba96c88dbd2,Glasbausteine,Glasbaustein,Dep+,SV,0.5,
Glasarmierungsgitter,nicht vorhanden,b8a9dd13-100b-40bf-b982-06937c4c5f65,Glasfaser-Armierung,"Bitumenkaltkleber, Glasvlies, Glasfaserarmierung",EB,EB,0,
,,,Glaskeramik-Tafeln (Fassade),Glaskeramik,RC+,RC+,1,
Glasvlies,fa976ebb-09ce-4e5b-9976-621d9ac1f12e,49ff9df1-d12d-48f6-a391-0d72d695ffcf,Glasvlies,"Bitumenkaltkleber, Glasvlies, Glasfaserarmierung",EB,EB,0,
Grauguss Bauteil,dbc94e02-b28f-43eb-8133-a161e9b83dfa,02beebbe-d658-461d-9f3f-a80cc3c92a83,Grauguss Bauteil,"Stahl - Baustahl (zB Stahlträger,..)",CL+,CL+,1,
Gründach extensiv (ohne Geländer),nicht vorhanden,b2edf535-557e-486a-9c31-8ad569c5f2ce,Gründach extensiv (ohne Geländer),nicht eingestuft,n.e.,n.e.,n.e.,
Gründach extensiv mit Edelstahlgeländer,nicht vorhanden,8dd8de23-d86c-4a10-ab8c-4fc3f11688f1,Gründach extensiv mit Edelstahlgeländer,nicht eingestuft,n.e.,n.e.,n.e.,
Gründach intensiv mit Edelstahlgeländer,nicht vorhanden,a1f68d1e-35b8-4a44-8200-e030a7b23135,Gründach intensiv mit Edelstahlgeländer,nicht eingestuft,n.e.,n.e.,n.e.,
Gummi-Bodenbelag mit Schaumstoffbeschichtung EN 1816,7d8cb95b-99c2-4824-97a0-55d2fca5cedd,3da2134f-da14-40fe-9861-84d4ccee9fef,Gummi-Bodenbelag mit Schaumstoffbeschichtung EN 1816 (4 mm),Elast BB - Gummibelag,EV-,EV-,0,
Gummi-Bodenbelag profiliert EN 12199,f814e7e2-e438-4ea9-80cc-81254d01aba2,df441c17-25cb-4a50-add5-a2928933903d,"Gummi-Bodenbelag profiliert EN 12199 (3,55 mm)",Elast BB - Gummibelag,EV-,EV-,0,
Gussasphalt,ad94ce55-af1d-4da0-963c-bf263aaa37ee,2d7f6993-c585-4674-b030-348434efeaca,Gussasphalt,Asphalt (Hochbau),Dep+,CL+,0.75,
Gussasphaltestrich,5bebcf89-2e6b-46ce-b05e-3e02929c8af4,40ef1e7b-920d-4fe4-a8ec-3a540ef93c65,Gussasphaltestrich,Gussasphaltestrich,Dep+,CL+,0.75,
Gussteile aus Aluminium,1e8e3c3e-aad0-44ef-977e-d040c4597df0,568f2c96-2d04-43ff-bf03-8e48de9f11ff,Gussteile aus Aluminium,Alu Guss,CL+,CL+,1,
Hackschnitzelkessel < 20 kW,nicht vorhanden,53498e40-4f1d-42cb-8b40-911229d5acef,Hackschnitzelkessel < 20 kW,nicht eingestuft,n.e.,n.e.,n.e.,
Hackschnitzelkessel 120 - 400 kW,,cc68520e-a68c-4d9c-b343-38575a1ff57c,Hackschnitzelkessel 120 - 400 kW,nicht eingestuft,n.e.,n.e.,n.e.,
Hackschnitzelkessel 20 - 120 kW,,ec371486-0d42-4381-a4bb-95596c31c202,Hackschnitzelkessel 20 - 120 kW,nicht eingestuft,n.e.,n.e.,n.e.,
,,,Hanfdämmplatte (druckbelastet),"DS Pflanzenfaser mit Zusatzstoffen (FSM, Bindemittel)",EV-,EV-,0,
,,,Hanfdämmplatte (nicht druckbelastet),"DS Pflanzenfaser mit Zusatzstoffen (FSM, Bindemittel)",EV-,EV-,0,
Hanfvlies,5ef0c519-f5b2-4d45-809d-5f417f90e90b,6505a4d0-df9a-4f7f-8a10-fa4ef36629ad,Hanfvlies mit Flammschutzmittel,"DS Pflanzenfaser mit Zusatzstoffen (FSM, Bindemittel)",EV-,EV-,0,
Harnstoff-Formaldehydharz Ortschaum,08bdbef6-9134-422f-8504-00eeee75d31f,1bf43844-2f42-499e-a177-e65d98cbbf68,Harnstoff-Formaldehydharz Ortschaum,"KSTDämm (Phenol, Melamin,…)",EB,EB,0,
,,,Hartholzfaser-Platten,"Holzfaser, Hartfaser",EV+,EV+,0.5,
,,,HDF-Platte,Holzfaser - HDF/MDF,EV+,RC-,0.25,
Heizkörper,nicht vorhanden,190aaf0f-6599-4886-abf0-b067d4083179,Heizkörper,nicht eingestuft,n.e.,n.e.,n.e.,
,,,"Hochlochziegel (hochporosiert), ohne Mörtel / Kleb.",Ziegel - HLZ hochporosiert,SV,RC-,0.75,
,,,"Hochlochziegel mineralisch gefüllt, ohne Mörtel / Kleb.",Ziegel mineralisch gefüllt,Dep+,RC-,0.75,
1.3.02. Mauerziegel (mit Polystyrol gefüllt),nicht vorhanden,a26a956b-1520-4d1b-8cff-9e71fc119994,"Hochlochziegel organisch gefüllt, ohne Mörtel / Kleb.",Ziegel EPS gefüllt,Dep-,RC-,0.75,
Holz-Blendrahmen,4127e60a-3c42-4076-83f5-5232b4ed642e,ffd4bc0e-1d99-4e84-8710-6dcbf34a98a6,Holz-Blendrahmen,Holzrahmen,EV+,EV+,0,
,,,Holzdielenboden - unproblem. Beschichtet,Holzdielenboden,RC+,CL-,1,
Holzfaserdämmplatte (Nassverfahren),393f494d-8738-4330-aa5e-1652bb29b574,eefa40b3-7156-43a9-b197-b908f204432b,Holzfaserdämmplatte (Nassverfahren),"Holzfaser, Rho<200",EV-,RC-,0.5,
,,,"Holzrahmen Fichte mit Aludeckschale [kg/m² Rahmen] t=0,088 ","Holz-Alu-Rahmen, Regelvermutung HSM",EV+,EV+,0,
,,,"Holzrahmen Fichte mit Aludeckschale [kg/m² Rahmen] t=0,088 ohne HSM","Holz-Alu-Rahmen, Nachweis kein HSM",RC-,RC+,0.75,
,,,"Holzrahmen Lärche mit Aludeckschale [kg/m² Rahmen] t=0,088 ","Holz-Alu-Rahmen, Regelvermutung HSM",EV+,EV+,0,
,,,"Holzrahmen Lärche mit Aludeckschale [kg/m² Rahmen] t=0,088 ohne HSM","Holz-Alu-Rahmen, Nachweis kein HSM",RC-,RC+,0.75,
Holz-Flügelrahmen,318f08e0-1b04-49eb-ab16-531482cd75da,7907e693-d970-4958-adfd-223b541fc731,Holz-Flügelrahmen,Holzrahmen,EV+,EV+,0,
,,,"Holzrahmen PH mit Aludeckschale [kg/m² Rahmen] t=0,155 ","Holz-Alu-Rahmen, Regelvermutung HSM",EV+,EV+,0,
,,,"Holzrahmen PH mit Aludeckschale [kg/m² Rahmen] t=0,155 ohne HSM","Holz-Alu-Rahmen, Nachweis kein HSM",RC-,RC+,0.75,
Holzwolle-Leichtbauplatte,76d3f78a-8743-49fe-b4a1-f43b819cb930,bd815e7e-3b87-4a2a-b51e-fd56488de930,Holzwolle-Leichtbauplatte,Holzzement,Dep-,SV,0.25,
HPL-Platte,8cf90240-cbdd-4415-93a8-9c56da22f111,b2afc2f7-d973-442f-bda4-5d37a047534f,HPL-Platte (High pressure Laminate),HPL,EV+,EV+,0,
Hüttenstein,a4fceab4-71a2-46c9-ac9a-19a964d48ce5,9fb201e2-741a-49bb-871d-098bfa312f8e,Hüttensteine,Hüttenstein,RC-,RC-,1,
Innendispersionsfarbe scheuerfest,35be6146-5a80-4a9e-a32d-5d05c03a8d5c,fd7496b3-e4d0-45f6-838b-4db5bc3a66e8,Innenfarbe Dispersionsfarbe scheuerfest,"Farben, sonstige Beschichtungen (mineral. Untergrund)",Dep-,Dep-,0,
,,,"Innentür (Pappe mit Wabenstruktur), Fl.gew.8 kg/m², laminiert oder lackiert ","Innentür - Karton, Röhrenspanstreifen",EV-,EV-,0,
,,,"Innentür (Röhrenspanplatte), Fl.gew.15 kg/m², laminiert oder lackiert ","Innentür - Karton, Röhrenspanstreifen",EV-,EV-,0,
,,,"Innentür (Röhrenspanstreifen), Fl.gew.12 kg/m², laminiert oder lackiert ","Innentür - Karton, Röhrenspanstreifen",EV-,EV-,0,
,,,"Innentür (Vollspanplatte), Fl.gew.23 kg/m², laminiert oder lackiert",Innentür - Spanplatte,EV-,RC-,0.75,
,,,"Innentür (Vollspanplatte), Fl.gew.34 kg/m², laminiert oder lackiert",Innentür - Spanplatte,EV-,RC-,0.75,
,,,"Innentür Massivholz, lackiert, Fl.gewicht 12 kg/m²","Innentür - Holz massiv, beschichtet",RC+,CL-,1,
,,,"Innentür Massivholz, unbehandelt oder geölt, Fl.gew. 12 kg/m²","Innentür - Holz massiv, unbeschichtet",RC+,CL+,0.75,
,,,"Innentür Metallzarge lackiert, Gewicht/lfm, d (IW)=10cm",Stahl - Stahl(blech) verzinkt,CL-,CL-,1,
,,,"Innentür Metallzarge lackiert, Gewicht/lfm, d (IW)=20cm",Stahl - Stahl(blech) verzinkt,CL-,CL-,1,
,,,"Innentür Metallzarge lackiert, Gewicht/Stk, d (IW)=10cm, Türlichte 0,9 x 2,0",Stahl - Stahl(blech) verzinkt,CL-,CL-,1,
,,,"Innentür Metallzarge lackiert, Gewicht/Stk, d (IW)=20cm, Türlichte 0,9 x 2,0",Stahl - Stahl(blech) verzinkt,CL-,CL-,1,
Isolierglas 2-Scheiben,d941f45e-1244-419c-a083-e4a49fb5498e,c58cb849-f05f-4edf-af22-8f87c1f84975,Isolierglas 2-Scheiben,Wärmeschutzverglasung,RC-,RC+,0.5,
Kabel 1 adrig,nicht vorhanden,59750b68-e513-446d-818d-cbe3cda6acd8,Kabel 1 adrig,nicht eingestuft,n.e.,n.e.,n.e.,
Kabel 3 adrig,,c9f3de03-55fb-4d50-8e55-2d718e46ff61,Kabel 3 adrig,nicht eingestuft,n.e.,n.e.,n.e.,
Kabel 5 adrig,,7856b133-31a0-4059-b368-dc227108336e,Kabel 5 adrig,nicht eingestuft,n.e.,n.e.,n.e.,
Kabel CAT 7,,9d929c66-5acb-4d2e-b5c1-b3c8b3b9930c,Kabel CAT 7,nicht eingestuft,n.e.,n.e.,n.e.,
Kabelkanal PVC hart,57a22bb4-0370-471f-b76c-52699e702966,10a77041-9968-4a59-ab18-711b14797f04,Kabelkanal PVC hart,nicht eingestuft,n.e.,n.e.,n.e.,
"Kalk (CaO, Feinkalk)",d1d6f54d-9709-4302-8276-fdb7d06801fd,d63868d0-5a54-40fd-ad33-5eee2b0228e1,"Kalk (CaO, Feinkalk) Grundstoff nicht eingestuft",nicht eingestuft,n.e.,n.e.,n.e.,
Kalkfarbe,7baed44c-c80b-4340-b3af-f01d71fbbb43,5a4cd709-d5a4-40ba-9557-d7a546bb4ce0,Kalkfarbe,"Farben, sonstige Beschichtungen (mineral. Untergrund)",Dep-,Dep-,0,
Kalk-Gips-Innenputz,nicht vorhanden,4906fae7-6013-4d08-a765-642314c0bfd2,Kalk-Gips-Innenputz auf Massivbaustoff,Gipsputz (auf Gipsbaustoff),Dep+,RC-,0.25,
Kalk-Gips-Innenputz,70f6e305-e46f-4719-a94f-70267b936029,4906fae7-6013-4d08-a765-642314c0bfd2,Kalk-Gips-Innenputz auf Gipsbaustoff,Gipsputz (auf Massivbaustoff),Dep+,Dep+,0,
Kalk-Innenputz,07f3cd13-22bb-494d-803a-f0a440fbce7a,e0fdab1d-684b-44a5-8453-ef0f887addab,Kalk-Innenputz,"mineral. Putz, Mörtel, Kleber",Dep+,Dep+,0,
Kalkputzmörtel,d7f4a913-441f-4c21-aae5-42e421737e29,54e731d4-b14d-48eb-bbe5-02eb19e6a7e3,Kalkputzmörtel,"mineral. Putz, Mörtel, Kleber",Dep+,Dep+,0,
Kalksandstein,29e6c6cf-0552-4e4b-85c7-26a68a625252,722467a6-68cb-4676-bf9f-c6ea1d36594f,Kalksandstein,Kalksandstein,SV,RC-,0.75,
Kalkzement Putzmörtel,dea7df16-f59b-4842-a66c-cb9463a58ae3,cf335713-922c-446a-ba90-f225534bfc03,Kalkzement Putzmörtel,"mineral. Putz, Mörtel, Kleber",Dep+,Dep+,0,
Kalkzementmörtel,50180064-236e-4e52-9a1e-f172dde80844,d225240a-821d-469b-add2-f2c5f93b9b3f,Kalkzementmörtel,"mineral. Putz, Mörtel, Kleber",Dep+,Dep+,0,
"Kalziumhydroxid (Ca(OH)2, trocken, gelöscht)",39bd1632-3f36-410c-86d9-cab27e91b1c5,759f9742-cd53-4b8f-b8ae-dec49c3378e9,"Kalziumhydroxid (Ca(OH)2, trocken, gelöscht) Grundstoff nicht eingestuft",nicht eingestuft,n.e.,n.e.,n.e.,
Kältemaschine (500kW),nicht vorhanden,fb40e2a0-03df-4ee4-8947-29068389e8d5,Kältemaschine (500kW),nicht eingestuft,n.e.,n.e.,n.e.,
Kältemittel R404a,nicht vorhanden,c3ed198f-1951-4bc2-8802-372454e9b4a2,Kältemittel R404a,nicht eingestuft,n.e.,n.e.,n.e.,
Kältemittel R407c,nicht vorhanden,88d58ba3-8ed7-453c-b29c-cce9711867cb,Kältemittel R407c,nicht eingestuft,n.e.,n.e.,n.e.,
Kältemittel R410a,nicht vorhanden,06201aae-fd01-450d-ad24-e16b74fc2342,Kältemittel R410a,nicht eingestuft,n.e.,n.e.,n.e.,
Kautschuk-Dichtmasse,7a4d3393-a33a-47c8-b42f-42d8ec6a90f6,eee26d67-c05d-4c1c-8502-0e42c91f37fc,Kautschuk-Dichtmasse,"Bitumenkaltkleber, Glasvlies, Glasfaserarmierung,..",EB,EB,0,
Kesselsand,c9498f76-822a-4bd8-aadd-85b3ac57462f,0902759d-b73b-46e8-a931-1a676be33e14,Kesselsand, Grundstoff nicht eingestuft,nicht eingestuft,n.e.,n.e.,n.e.
Kies (Korngröße 2/32),3ce61a4e-4d91-4b1d-b675-276be05b9225,ed8da770-fc78-40cd-acb1-40f062330f9c,Kies 2/32,Kies / Schotter / Splitt,CL+,CL+,1,
Kies 2/32 (getrocknet),e7b1d3c2-3494-4ae6-9f98-d4d507dcd0c2,6b1052ed-f1f0-4f35-919b-3884df8da950,Kies 2/32 getrocknet,Kies / Schotter / Splitt,CL+,CL+,1,
Kippschalter (Lichtschalter),nicht vorhanden,85e0c69f-ec3d-4dbb-bc39-fb653ea39183,Kippschalter (Lichtschalter),nicht eingestuft,n.e.,n.e.,n.e.,
Kleber für Gipsplatten,43c3fd78-c67e-438b-b726-dd512df5d881,fc442d0a-fbc4-4304-ace8-24304756e2df,Kleber für Gipsplatten,"mineral. Putz, Mörtel, Kleber",Dep+,Dep+,0,
Klimagerät (Direktverdampfer) (pro 1 kW),nicht vorhanden,9da0974d-cd0c-402f-a72e-ee07f2da68d6,Klimagerät (Direktverdampfer) (pro 1 kW),nicht eingestuft,n.e.,n.e.,n.e.,
Kohlenstoffdioxid (R744),nicht vorhanden,d2ca1ae9-8d5e-480e-bd57-70c73dd1da50,Kohlenstoffdioxid (R744),nicht eingestuft,n.e.,n.e.,n.e.,
Kompaktleuchtstofflampe 18W (Vorschaltgerät extern),nicht vorhanden,a2a3c09c-3287-4b14-a892-34dd28c9d6c8,Kompaktleuchtstofflampe 18W (Vorschaltgerät extern),nicht eingestuft,n.e.,n.e.,n.e.,
"Konstruktionsvollholz (generisch, 15% Feuchte / 13% H2O)",703eec32-59af-47e1-9c91-4a32afe3187f,f7f147bb-a27f-491a-9f5a-b21d6f24c61c,Konstruktionsvollholz - naturbelassen,"Holz - massiv, naturbelassen",RC+,CL+,0.75,
"Konstruktionsvollholz (generisch, 15% Feuchte / 13% H2O)",703eec32-59af-47e1-9c91-4a32afe3187f,f7f147bb-a27f-491a-9f5a-b21d6f24c61c,Konstruktionsvollholz - beschichtet,"Holz - massiv, beschichtet",RC+,CL-,1,
"Konstruktionsvollholz (generisch, 15% Feuchte / 13% H2O)",703eec32-59af-47e1-9c91-4a32afe3187f,f7f147bb-a27f-491a-9f5a-b21d6f24c61c,Konstruktionsvollholz - Störstkl. S4 (Neueinstufung),"Holz - behandelt mit HSM , FSM oder Beschichtung schwermetallfrei und halogenorg. V. > 1 und <= 3 M %",EV-,EV-,0,
Korklinoleum Fußbodenbelag,e5f97559-bb92-4c23-a722-480da1b559ad,f3a3bf90-a295-4aab-9bfc-af3fe20c921b,Korklinoleum Fußbodenbelag,Elast BB - Linoleumbelag,EV-,EV-,0,
"Korkplatten 1 m², 8 mm (generisch)",360cbe6a-bd01-4660-bd08-f7d3eb3d8b79,717cc09a-e2c5-48fb-913e-24b54fc5e851,"Korkplatten 1m² (Dicke 0,004 m)",Korkplatten (Korkgranulat mit Bindemittel),EV+,EV+,0,
"Korkplatten 1m2, 4 mm (generisch)",4e2c6692-148d-4311-b0cf-f0f174002d9e,2d82e639-2be1-4861-92f8-944623ee385e,"Korkplatten 1m² (Dicke 0,008 m)",Korkplatten (Korkgranulat mit Bindemittel),EV+,EV+,0,
"Korkplatten 1m2, 6 mm (generisch)",38babeb7-2b2f-42e2-9270-0daac46ebe07,4116031f-9ee7-4ac0-93e7-972c4b2de8a0,"Korkplatten 1m² (Dicke 0,006 m)",Korkplatten (Korkgranulat mit Bindemittel),EV+,EV+,0,
Kraftpapier,b1ea7c10-4471-4485-95bf-7dc0a00025b6,03f8e9cd-16ee-4ece-93bc-b68441d34afe,Kraftpapier (Baupappe),Pappe,EV+,EV+,0,
Kunstharzestrich,e98995e0-f945-4fea-849f-cec0aff6cb0c,8f060568-aca6-4375-86f4-340b806962c4,Kunstharzestrich,Estrich SR - Kunstharzestrich,Dep-,Dep-,0,
Kunstharzputz,4a7c30d1-37d7-47e2-8271-dbb3bee91560,8a29439a-9d91-44e7-b157-1432b44937f9,Kunstharzputz,organ. Putz,Dep-,Dep-,0,
Kunststeinplatte (Epoxidharz gebunden),ccdb5f3c-7305-46c7-ad5b-a05bb922a743,11440edc-cfba-40af-bd2d-0db71afe444b,Kunststeinplatte (Epoxidharz gebunden),Kunststein,Dep-,Dep-,0,
Kunststoffmodifizierte Bitumendickbeschichtung,nicht vorhanden,0ba43350-3932-4e1d-a862-e88aa0ad2c7f,Kunststoffmodifizierte Bitumendickbeschichtung,"Bitumenkaltkleber, Glasvlies, Glasfaserarmierung, Dichtmassen..",EB,EB,0,
Kunststoffprofil CR (Chloropren-Kautschuk),884efbb3-7be6-4e4d-9726-c39c1b781436,2d81c58c-1cd9-40be-b7d2-96d7de6b9296,Kunststoffprofil CR (Chloropren-Kautschuk),KSTProfil (Halog),EB,EB,0,
Kunststoffprofil EPDM,31a96d5c-66a3-4de1-a957-6aa4f8f4e53d,963ffb34-439a-4cab-9bfb-28c9b42533f2,Kunststoffprofil EPDM,KSTProfil,EV-,EV-,0,
Kunststoffprofil PP mit Glasfaseranteil,nicht vorhanden,968109bb-8aea-4c22-a7ca-ea2ef02208cf,Kunststoffprofil PP mit Glasfaseranteil,KSTProfil,EV-,EV-,0,
Kunststoffprofil SBR,1b69b3a2-3164-436b-a934-ed7d926f5f53,4e679d88-9a0f-4ada-9210-5a6e1e020771,Kunststoffprofil SBR,KSTProfil,EV-,EV-,0,
Kunststoffprofil Silikon,763abb33-ad4f-44fa-bc49-8c483e67b2b1,56674647-992d-4d42-8955-fb3617c1404e,Kunststoffprofil Silikon,KSTProfil,EV-,EV-,0,
"Kunststoffteil aus laminiertem Polyesterharz (GFK, 30% Glasfaseranteil)",a051b8eb-5e03-486a-b9c3-bfc9d19234de,d03450fd-9438-43f7-9ee8-45faa63b1333,"Kunststoffteil aus laminiertem Polyesterharz (GFK, 30% Glasfaseranteil)",KSTProfil,EV-,EV-,0,
Kupferblech,nicht vorhanden,52ce9f28-1199-4ed5-a777-923229ee2eed,Kupferbleche,Kupfer,CL+,CL+,1,
Lacksysteme Holzfassade deckend (Decklacksystem),c1bc4706-9d3a-4468-8ecb-5a569226d75f,2662edec-0657-4889-bf64-4e811ac8e652,Lacksysteme Holzfassade deckend (Decklacksystem),Lacke (auf Holzuntergrund),EV-,EV-,0,
Lacksysteme Holzfassade halb-pigmentiert (Lasursystem),1a4a4522-7297-4ae5-a430-689e89ec2159,a7829637-2436-489c-9e94-6642817e1926,Lacksysteme Holzfassade halb-pigmentiert (Lasursystem),Lacke (auf Holzuntergrund),EV-,EV-,0,
Lacksysteme Holzfenster Decklack weiß,2e5ca27a-fcd0-4dc1-b0ab-4a4c7eb4e030,9a0a1631-fccc-43bc-8911-817cbb79f49b,Lacksysteme Holzfenster Decklack weiß,Lacke (auf Holzuntergrund),EV-,EV-,0,
Lacksysteme Holzfenster Grundierung weiß,d5fe89f0-5fd2-4981-bb87-e74bbf13ef88,9b8c0626-bb59-43f5-86dd-97484cc5d4c1,Lacksysteme Holzfenster Grundierung weiß,Lacke (auf Holzuntergrund),EV-,EV-,0,
Lacksysteme Holzfenster Zwischenbeschichtung deckend weiß,08138b62-1b5f-497a-bf9a-d7f857a2e575,b347b33b-8a05-4d0a-83c4-1337c986a775,Lacksysteme Holzfenster Zwischenbeschichtung deckend weiß,Lacke (auf Holzuntergrund),EV-,EV-,0,
Laminat DPL (Direct Pressed Laminate),nicht vorhanden,7c411026-6771-4fb6-85bf-85b248486409,Laminatboden,Laminat,EV-,EV-,0,
Lava Körnung,f8d6bd85-55e0-42d3-982b-b814387b7f58,e2799f93-b221-48c5-b7ee-9dd39850e379,Lava Körnung,Bims / Blähschüttung,Dep+,RC+,0.75,
LED Bürobeleuchtung,nicht vorhanden,b6dd564d-22e0-47b7-898c-802644931ba4,LED Bürobeleuchtung,nicht eingestuft,n.e.,n.e.,n.e.,
Lehmbauplatte,6aff7a60-d7cd-430e-8b15-02556b6f62ff,eb255e58-7955-4d25-a333-4db0340b2864,Lehmbauplatte,Lehmbauplatte,SV,CL+,0.75,
Lehmbauplatte,6aff7a60-d7cd-430e-8b15-02556b6f62ff,eb255e58-7955-4d25-a333-4db0340b2864,Lehmbauplatte mit CL-Nachweis,Lehmbauplatte mit CL-Nachweis,CL+,CL+,1,
,,,Lehmfarbe,"Lehmfarbe, auf Lehmplatte",Dep+,CL+,0.75,
,,,Lehm-Klebe- und Haftmörtel,Lehmputz,SV,CL+,0.75,
Lehmpulver,3d9f0293-304f-4731-8136-326cebf8b1f0,514b2993-2942-44b1-a4a5-a1b209f14d2a,Lehmpulver, Grundstoff nicht eingestuft,nicht eingestuft,n.e.,n.e.,n.e.
Lehmputz,8be785fa-5548-4ea5-a2d7-b962675b9eff,9eae2fed-dba0-4641-b1cc-fd2cc65f2016,Lehmputz,Lehmputz,SV,CL+,0.75,
Lehmputz,8be785fa-5548-4ea5-a2d7-b962675b9eff,9eae2fed-dba0-4641-b1cc-fd2cc65f2016,Lehmputz mit CL-Nachweis,Lehmputz mit CL-Nachweis,CL+,CL+,1,
Lehmputz,8be785fa-5548-4ea5-a2d7-b962675b9eff,9eae2fed-dba0-4641-b1cc-fd2cc65f2016,Lehmputz mit Störstoff S4,Lehmputz mit Störstoff S4,Dep+,Dep+,0,
Lehmputz,8be785fa-5548-4ea5-a2d7-b962675b9eff,9eae2fed-dba0-4641-b1cc-fd2cc65f2016,"Lehmputz, kunststofffaserarmiert","Lehmputz, kunststofffaserarmiert",Dep+,CL+,0.75,
,,,Lehmschüttung granuliert,Lehm,SV,CL+,0.75,
,,,Lehmschüttung granuliert mit CL-Nachweis ,Lehm mit CL-Nachweis,CL+,CL+,1,
Lehmstein,606d978a-c44a-4b3e-8387-b1291b12e522,f25983c6-104a-4d19-8d2a-c0dccafa2f3b,Lehmstein,Lehm,SV,CL+,0.75,
Lehmstein,606d978a-c44a-4b3e-8387-b1291b12e522,f25983c6-104a-4d19-8d2a-c0dccafa2f3b,Lehmstein mit CL-Nachweis,Lehm - Störstoffkl. S4 (Neueinstuf.),Dep+,Dep+,0.75,
Lehmstein,606d978a-c44a-4b3e-8387-b1291b12e522,f25983c6-104a-4d19-8d2a-c0dccafa2f3b,Lehmstein - Störstoffkl. S4 (Neueinstuf.),Lehm mit CL-Nachweis,CL+,CL+,1,
"Leichtbauplatte, melaminbeschichtet",nicht vorhanden,02a3f312-ea5e-45e5-b358-d50cb94c4fd5,"Spanplatte, melaminbeschichtet",Melaminbeschichtet,EV-,EV-,0,
Leichtbetonstein aus 100% Naturbims,63ddb7e1-4e0b-43cb-8a8d-82c5c137a2a2,da067a10-d690-4308-831d-ada8ad78b8ad,Leichtbetonstein aus 100% Naturbims,Leichtbeton - best case,SV,RC-,0.25,
,,,Leichtlehm (Stroh-Lehm-Gemisch),Leichtlehm (organ./mineral.),SV,RC-,0.75,
,,,Leichtlehmputz,Leichtlehm (organ./mineral.),SV,RC-,0.75,
,,,Leichtputz mineralisch (mineral. Untergrund),"mineral. Putz, Mörtel, Kleber",Dep+,Dep+,0,
Leuchstoffröhrenfassung T8-18W (LFL),nicht vorhanden,c082c343-931e-41ca-a906-d18380463b43,Leuchstoffröhrenfassung T8-18W (LFL),nicht eingestuft,n.e.,n.e.,n.e.,
Leuchstoffröhrenfassung T8-36W (LFL),nicht vorhanden,b96a374e-5920-4730-8c3e-22e5f3d2035e,Leuchstoffröhrenfassung T8-36W (LFL),nicht eingestuft,n.e.,n.e.,n.e.,
Leuchtstoffröhre T5-14W,nicht vorhanden,16b26d8e-8695-4abe-b655-6fc592625c70,Leuchtstoffröhre T5-14W,nicht eingestuft,n.e.,n.e.,n.e.,
Leuchtstoffröhre T5-28W,nicht vorhanden,b2a3220e-9dcb-4d91-9721-d6654b10119e,Leuchtstoffröhre T5-28W,nicht eingestuft,n.e.,n.e.,n.e.,
Leuchtstoffröhre T8-18W,nicht vorhanden,f85424cf-3ee7-4c8b-b2bd-939307c202ae,Leuchtstoffröhre T8-18W,nicht eingestuft,n.e.,n.e.,n.e.,
Leuchtstoffröhre T8-36W,nicht vorhanden,0d968a32-96fb-4ba4-9497-3c343cd8ecde,Leuchtstoffröhre T8-36W,nicht eingestuft,n.e.,n.e.,n.e.,
,,,"Lichtkuppel Aufsatzkranz, PP Schürze 30cm [kg/lfm]",KSTProfil ,EV-,EV-,0,
Linoleum,56e977b3-d042-4843-b40d-3a33dbb5a555,c3d7aef9-38a6-4d2a-a77f-2eee25461482,Linoleum,Elast BB - Linoleumbelag,EV-,EV-,0,
Lithium Eisenphosphat (LFP) Batterie (pro 1kWh Speicherkapazität),nicht vorhanden,c64f9557-37d7-40f6-b118-a35dc72fc45c,Lithium Eisenphosphat (LFP) Batterie (pro 1kWh Speicherkapazität),nicht eingestuft,n.e.,n.e.,n.e.,
Lithiumbromid,nicht vorhanden,f877e931-42b3-4675-a6ea-82ad950eb831,Lithiumbromid,nicht eingestuft,n.e.,n.e.,n.e.,
Lose Hobelspandämmung,nicht vorhanden,31a631f0-1acf-4ec4-885b-d97de6d9f4ea,Lose Hobelspandämmung,Hobelspäne unbehandelt,EV-,CL+,0.75,
Lösemittellack weiß,95c6760d-1605-430b-8216-825f6c0ac409,511b2af7-f9b9-4e1f-8b9e-fd4ac548aa6c,Lösemittellack weiß,Lacke (auf Holzuntergrund),EV-,EV-,0,
Lüfter dezentral (Wand & Decke) 60 m3/h,nicht vorhanden,cb36ce5f-47d7-4d02-bc07-1e8da903e5c0,Lüfter dezentral (Wand & Decke) 60 m3/h,nicht eingestuft,n.e.,n.e.,n.e.,
Lüfter dezentral mit WRG (Wand & Decke) 60 m3/h,nicht vorhanden,ef7e0021-d6d9-4940-8160-cb63021a50c6,Lüfter dezentral mit WRG (Wand & Decke) 60 m3/h,nicht eingestuft,n.e.,n.e.,n.e.,
Lüfter zentral 10000 m3/h,nicht vorhanden,76ac97e0-8016-44f0-b74b-4ba6ea69f00b,Lüfter zentral 10000 m3/h,nicht eingestuft,n.e.,n.e.,n.e.,
Lüfter zentral 30000 m3/h,nicht vorhanden,03f5fc6b-115b-4b86-a528-2f9311d44c9b,Lüfter zentral 30000 m3/h,nicht eingestuft,n.e.,n.e.,n.e.,
Lüfter zentral 5000 m3/h,nicht vorhanden,cc2903a5-0475-48c5-8240-c1b0c251b9d3,Lüfter zentral 5000 m3/h,nicht eingestuft,n.e.,n.e.,n.e.,
Lüfter zentral mit WRG 1000 m3/h,nicht vorhanden,d443a0ef-4fbf-4e66-968b-db209f9ef72b,Lüfter zentral mit WRG 1000 m3/h,nicht eingestuft,n.e.,n.e.,n.e.,
Lüfter zentral mit WRG 10000 m3/h,nicht vorhanden,466a78bc-2465-4140-b244-fdfd0fd79d84,Lüfter zentral mit WRG 10000 m3/h,nicht eingestuft,n.e.,n.e.,n.e.,
Lüfter zentral mit WRG 5000 m3/h,nicht vorhanden,78e6949f-ab42-4243-aab9-10a5a7d12b57,Lüfter zentral mit WRG 5000 m3/h,nicht eingestuft,n.e.,n.e.,n.e.,
Lüftungskanal (verzinktes Stahlblech),nicht vorhanden,ffa736f4-51b1-4c03-8cdd-3f098993b363,Lüftungskanal (verzinktes Stahlblech),nicht eingestuft,n.e.,n.e.,n.e.,
,,,Magnesiaestrich / Steinholzestrich,Magnesiaestrich / Steinholzestrich,Dep-,Dep-,0,
Marmorplatte,e9be7506-62ce-45b8-853f-c45c3f82401f,02ec5054-ace1-4ffc-a46b-92be3bedb416,Marmorplatte ,Steinboden (unproblem. imprägniert / beschichtet),RC+,RC+,1,
,,,MDF-Platte,Holzfaser - HDF/MDF,EV+,RC-,0.25,
Mehrschichtparkett (generisch),3b66b7be-bc1e-4dd4-8779-453d4f81825f,ed739600-fbd0-4b3e-b577-453778a5270e,Mehrschichtparkett  (unproblem. beschichtet),Parkett,RC-,RC-,1,
Melaminharz-Schaum,7082b2c3-5203-40ba-a6f8-d16edba60f5f,cc54d8cb-f26c-41ea-a152-8b28f7fb5b1d,Melaminharz-Schaum,"KSTDämm (Phenol, Melamin,…)",EB,EB,0,
Messing-Bauteil,d9ee3a94-83a2-4615-b071-9afa3aaeff42,3d5b565c-187b-4413-ab45-3eaa89ede35d,Messing-Bauteil,Messing,CL+,CL+,1,
Metallbeschichtung (wasserbasiert),93eac197-0003-41ea-b81f-e517dd3389fb,af88e99e-5662-41cf-bf12-d963cd8d0c4e,Metallbeschichtung (wasserbasiert),Lacke (auf metall. Untergrund) nicht eingestuft,n.e.,n.e.,n.e.,
Metalllack (lösemittelbasiert),118d1b5e-5f22-4d04-8711-c4b02de02209,b2a5f872-5e24-461c-a6e4-88ef88ad7c8c,Metalllack (lösemittelbasiert),Lacke (auf metall. Untergrund) nicht eingestuft,n.e.,n.e.,n.e.,
Mineralfaser Deckenplatten (15 mm),def9e058-ac16-489e-9457-db7645404194,3175cb36-065b-4bc7-9c7e-dd256bba5e8f,"Mineralfaser Deckenplatten (Dicke 0,015 m)",Mineralwolle Steinwolle,Dep-,RC-,0.5,
Mineralisch modifizierte Trockenschüttung,nicht vorhanden,93629cd1-4a44-4da5-89a8-3a12ac6c81b5,Mineralisch modifizierte Trockenschüttung,Holzzement,Dep-,SV,0.25,
Mineralwolle (Boden-Dämmung),2691d6e4-a41e-40d7-92ca-680f8785fc1d,58b1ba79-459b-4d58-bc39-91a8f98e71ba,Mineralwolle (Boden-Dämmung),Mineralwolle Glaswolle,Dep-,SV,0.75,
Mineralwolle (Fassaden-Dämmung),f8afef87-5de3-4996-838c-1f2af9ef81df,4fa62445-e59f-4874-99e5-49cec91967e0,Mineralwolle (Fassaden-Dämmung),Mineralwolle Glaswolle,Dep-,SV,0.75,
Mineralwolle (Flachdach-Dämmung),4477c6ca-b728-41fb-a231-366e159a73df,6ef00a53-1ddc-4c60-8840-e57a860ce18b,Mineralwolle (Flachdach-Dämmung),Mineralwolle Glaswolle,Dep-,SV,0.75,
Mineralwolle (Innenausbau-Dämmung),fafd5743-0b42-4614-8e3d-5c4eacdfba98,8808dd39-82fb-49bb-8ad3-6cb0894292ae,Mineralwolle (Innenausbau-Dämmung),Mineralwolle Glaswolle,Dep-,SV,0.75,
Mineralwolle (Schrägdach-Dämmung),86380db6-3062-4d40-826d-732c24ed3cad,cb0c2e5b-be08-47bd-badb-77ac39ae026d,Mineralwolle (Schrägdach-Dämmung),Mineralwolle Glaswolle,Dep-,SV,0.75,
"Natursteinplatte, hart, Außenbereich, Dicke 80mm",da4b704a-c901-414f-943f-8e1ff0f4566c,72d8921b-8ac0-471b-943a-47871bd8d76a,"Natursteinplatte, hart, Außenbereich (Dicke 0,08 m)",Stein unbehandelt,CL+,CL+,1,
"Natursteinplatte, hart, Fassade (30mm)",cb3f4a56-460c-4a3e-ae43-3e0a9dcb4319,ffadb112-7271-460a-aaec-60135df38fba,"Natursteinplatte, hart, Fassade (Dicke 0,030 m)",Stein unbehandelt,CL+,CL+,1,
"Natursteinplatte, hart, Innenboden (20mm)",e8db532f-ee15-42a4-89c3-5ef789e1fb8f,1e8f900e-eda3-43d9-b2cc-746dc1798a40,"Natursteinplatte, hart, Innenboden (Dicke 0,02 m)",Stein unbehandelt,CL+,CL+,1,
"Natursteinplatte, weich, Fassade (40mm)",79075297-4dc0-42c6-bc90-e3bf9fa0fb4c,ed73e591-97c9-4348-b3b0-5c88a6f4e1dc,"Natursteinplatte, weich, Fassade",Stein unbehandelt,CL+,CL+,1,
"Natursteinplatte, weich, Innenboden, Dicke 20mm",ef0d9cbc-4e89-4e78-8cb2-68f02a49b87d,98c9f1b8-ff8c-4089-bd94-ec58b3fa1bf5,"Natursteinplatte, weich, Innenboden (Dicke 0,020 m)",Stein unbehandelt,CL+,CL+,1,
Nutzung - 1 kWh Endenergie aus Hackschnitzeln (entspr. GEG),nicht vorhanden,5f167dab-507c-4a05-862f-951f177c846a,Nutzung - 1 kWh Endenergie aus Hackschnitzeln (entspr. GEG),nicht eingestuft,n.e.,n.e.,n.e.,
Nylon Gussteil (PA 6.6),7511c948-c441-42fb-9ff1-cfdc54e58d7e,d62953d2-61e8-427b-ada2-8a3c4e9756c1,Nylon Gussteil (PA 6.6) nicht eingestuft,nicht eingestuft,n.e.,n.e.,n.e.,
Öl-Brennwertgerät < 20 kW (Standgerät),nicht vorhanden,01eaaeb8-cad1-475c-aadd-111b29ca7468,Öl-Brennwertgerät < 20 kW (Standgerät),nicht eingestuft,n.e.,n.e.,n.e.,
Öl-Brennwertgerät < 20 kW (Wandgerät),nicht vorhanden,31b5024e-90db-4fc8-b6f8-b8919a54eff9,Öl-Brennwertgerät < 20 kW (Wandgerät),nicht eingestuft,n.e.,n.e.,n.e.,
Öl-Brennwertgerät 120-400 kW (Standgerät),nicht vorhanden,212a234d-3b2b-4128-9cb2-9024c4540dd0,Öl-Brennwertgerät 120-400 kW (Standgerät),nicht eingestuft,n.e.,n.e.,n.e.,
Öl-Brennwertgerät 20-120 kW (Standgerät),nicht vorhanden,12e03ae6-6e35-4c76-b835-e574ee56aec1,Öl-Brennwertgerät 20-120 kW (Standgerät),nicht eingestuft,n.e.,n.e.,n.e.,
Öl-Niedertemperaturgerät < 20 kW (Standgerät),nicht vorhanden,6f78777f-ba4d-4ab1-865e-456160085938,Öl-Niedertemperaturgerät < 20 kW (Standgerät),nicht eingestuft,n.e.,n.e.,n.e.,
Öl-Niedertemperaturgerät 120-400 kW (Standgerät),nicht vorhanden,ae703d16-5aef-48a2-910d-c1004677b665,Öl-Niedertemperaturgerät 120-400 kW (Standgerät),nicht eingestuft,n.e.,n.e.,n.e.,
Öl-Niedertemperaturgerät 20-120 kW (Standgerät),nicht vorhanden,b2d632fd-5d02-4a45-b1af-3ff87a21dec2,Öl-Niedertemperaturgerät 20-120 kW (Standgerät),nicht eingestuft,n.e.,n.e.,n.e.,
Öltank PE-HD (1000l),nicht vorhanden,5f587be5-4949-40d4-b540-5d2164704a79,Öltank PE-HD (1000l),nicht eingestuft,n.e.,n.e.,n.e.,
Öltank PE-HD (1500),nicht vorhanden,ad798696-adc3-42b3-a4c5-e1ce56beefab,Öltank PE-HD (1500),nicht eingestuft,n.e.,n.e.,n.e.,
Öltank PE-HD (750l),nicht vorhanden,aae53979-dfc0-4e6e-8306-e71d609eec96,Öltank PE-HD (750l),nicht eingestuft,n.e.,n.e.,n.e.,
Öltank Polyamid (1000l),nicht vorhanden,c30ddd87-ffc4-4bb3-b867-3c5b53e28a37,Öltank Polyamid (1000l),nicht eingestuft,n.e.,n.e.,n.e.,
Öltank Polyamid (1500l),nicht vorhanden,33fe410b-cbdc-46b5-83e0-375efaddac9b,Öltank Polyamid (1500l),nicht eingestuft,n.e.,n.e.,n.e.,
Öltank Polyamid (750l),nicht vorhanden,12a48d84-032e-4f88-b511-3a5360e58c0e,Öltank Polyamid (750l),nicht eingestuft,n.e.,n.e.,n.e.,
"Öltank Stahl/PE-HD (Doppelwandtank, 1000l)",nicht vorhanden,01b54892-5fbc-4f28-ae33-76775debdbc4,"Öltank Stahl/PE-HD (Doppelwandtank, 1000l)",nicht eingestuft,n.e.,n.e.,n.e.,
"Öltank Stahl/PE-HD (Doppelwandtank, 750l)",nicht vorhanden,a5ada9a6-72dd-4720-ace5-d01b17260c7b,"Öltank Stahl/PE-HD (Doppelwandtank, 750l)",nicht eingestuft,n.e.,n.e.,n.e.,
,,,OSB Platte,Holzwerkstoff - nicht beschichtet,RC+,RC+,1,
"Parkettlack Grundierung, Holz, wasserverdünnt",859897ae-5ea2-4b55-9508-49297dd6ba6c,b97c7ace-c925-4c13-be59-d338fcc77f6b,"Parkettlack (Grundierung Holz, wasserverdünnt)",Lacke (auf Holzuntergrund),EV-,EV-,0,
Parkettlack transparent,c1328d7d-8ad6-4e74-a701-ffab0c542534,f2e87b9c-45a7-4b6c-bd81-1abb81e061e1,Parkettlack transparent,Lacke (auf Holzuntergrund),EV-,EV-,0,
,,,PE Weichschaum,KSTDämm (PE),EV-,EV-,0,
PE/PP Vlies,95a4f4b3-b354-4e2c-9046-0a36175cd768,e80981a3-c7c4-4267-b669-0f31cfa61f06,PE/PP Vlies,KSTBahn,EV-,EV-,0,
,,,PE-Drainageplatten,KSTDämm (PE),EV-,EV-,0,
PE-HD mit PP-Vlies zur Abdichtung,900336a3-b5f9-4c40-91a9-f9551f84ac64,2173d540-fc7c-4b77-af4f-9a53cdbfb834,PE-HD mit PP-Vlies zur Abdichtung,KSTBahn,EV-,EV-,0,
PE-Noppenfolie zur Abdichtung,49b4cbe9-ac63-4811-a1c7-dd7278db8ac0,0dbca1ff-d043-408f-9511-6aeddf8e5f70,PE-Noppenfolie zur Abdichtung,KSTBahn,EV-,EV-,0,
Pelletkessel < 20 kW,nicht vorhanden,b35b5d3f-ba8d-4dab-84c1-d32ca56f8e7d,Pelletkessel < 20 kW,nicht eingestuft,n.e.,n.e.,n.e.,
Pelletkessel 20-120 kW,,3a5143bc-b790-4ee2-9952-2ec580023d43,Pelletkessel 20-120 kW,nicht eingestuft,n.e.,n.e.,n.e.,
Perlite 0-1,82c7e263-3026-45f8-aec7-ebdf818464e4,07d95427-572c-413c-ab1a-ef5e991c69ef,Perlite 0-1,Bims / Blähschüttung,Dep+,RC+,0.75,
Perlite 0-3,44c57da1-24ce-488d-b4f9-283fa603cc9d,e9cee0e5-e898-45dc-8431-a3ce91acb787,Perlite 0-3,Bims / Blähschüttung,Dep+,RC+,0.75,
Pfosten/Riegel aus Aluminium,nicht vorhanden,03329c6a-b5f2-47c8-a8db-1bd3b003857c,Pfosten/Riegel aus Aluminium,Alu-Pfosten-Riegel-Konstr. ungedämmt,RC+,RC+,1,
Pfosten/Riegel System aus Aluminium mit Dreifachverglasung,nicht vorhanden,4dd9a97f-6afa-4e12-a0fb-71da41d7afe4,Pfosten/Riegel System aus Aluminium mit Dreifachverglasung,nicht eingestuft,n.e.,n.e.,n.e.,
Pfosten/Riegelsystem aus Stahl,nicht vorhanden,1121bd10-6918-441c-b18b-8264a277c919,Pfosten/Riegelsystem aus Stahl,Alu-Pfosten-Riegel-Konstr. ungedämmt,CL-,CL-,1,
Pfosten/Riegel System aus Stahl mit Dreifachverglasung,nicht vorhanden,77dbec35-a9ed-462f-91dc-c26fce408a2b,Pfosten/Riegel System aus Stahl mit Dreifachverglasung,nicht eingestuft,n.e.,n.e.,n.e.,
Phenolharz Hartschaum,cf6e341b-3de7-4e24-b4d2-8ac484ee7c0e,310d5742-487d-4a4c-9e85-126574a2d3a8,Phenolharz Hartschaum,"KSTDämm (Phenol, Melamin,…)",EB,EB,0,
Photovoltaiksystem 1000 kWh/m2*a,nicht vorhanden,5a726d68-3b9b-4044-9872-7424594f2dd3,Photovoltaiksystem 1000 kWh/m2*a,nicht eingestuft,n.e.,n.e.,n.e.,
Photovoltaiksystem 1000 kWh/m2*a ohne Stromgutschrift,nicht vorhanden,236ee906-0090-42ab-90ae-37bc553be0a0,Photovoltaiksystem 1000 kWh/m2*a ohne Stromgutschrift,nicht eingestuft,n.e.,n.e.,n.e.,
Photovoltaiksystem 1200 kWh/m2*a,nicht vorhanden,d8af885e-b3f4-49f9-96f5-01fc4955f83f,Photovoltaiksystem 1200 kWh/m2*a,nicht eingestuft,n.e.,n.e.,n.e.,
Photovoltaiksystem 1200 kWh/m2*a ohne Stromgutschrift,nicht vorhanden,0c3eab92-5a2b-415a-a641-22542c7134fe,Photovoltaiksystem 1200 kWh/m2*a ohne Stromgutschrift,nicht eingestuft,n.e.,n.e.,n.e.,
,,,PIB-Dachbahnen (Polyisobutylen),KSTBahn,EV-,EV-,0,
PIR Hartschaum,2c076ee7-3853-4f69-9bf5-8ec265fa43e0,c2ba651c-00bf-4f69-a0dc-a6a5fe680652,PIR Hartschaum (250 kg/m³),"KSTDämm (PUR, PIR)",EB,SV,0.25,
Polybutadien-Rohr (PB),nicht vorhanden,5a9bb863-f67d-4b2c-b34f-3eb8ed1c8b42,Polybutadien-Rohr (PB),nicht eingestuft,n.e.,n.e.,n.e.,
Polycarbonatplatte,6fc1267a-1f4d-4244-a65e-df8a0a3ccc50,3f617412-e411-4b33-b81f-27e1ec0a6545,Polycarbonatplatte,KSTPlatte (zB transparente Platten),EV-,EV-,0,
Polyethylen-Schaum,65af52ac-382b-4069-aafe-b044b3960356,fa802cb7-a64d-48b3-b928-0f9976420d37,Polyethylen-Schaum,KSTDämm (PE),EV-,EV-,0,
,,,Polymer-Bitumenabdichtungsbahn,Bitubahn (ggf. mit Glasvlies),EV-,RC-,0.25,
Polypropylen-Rohr (PP),nicht vorhanden,8c53cf57-5414-449f-9a1e-c0041657fd50,Polypropylen-Rohr (PP),nicht eingestuft,n.e.,n.e.,n.e.,
Porenbeton Granulat,nicht vorhanden,907545ae-8eac-47a7-9b1b-47a474a16749,Porenbeton Granulat,Porenbeton-Granulat,Dep+,RC+,0.75,
Porenbeton Mineraldämmplatte,nicht vorhanden,a5114c35-1779-4eb2-9694-46bcc8fe5e45,Porenbeton Mineraldämmplatte,Mineralplatte,Dep+,SV,0.75,
Porenbeton P2 04 unbewehrt,906b4864-0511-480f-a8bc-7b8302efbf0b,dfac45db-fd07-4dcb-9359-2b8b4e882d62,"Porenbeton P2 04 unbewehrt, Rho 380 kg/m³",Porenbeton - unbewehrt,Dep+,RC-,0.75,
Porenbeton P4 05 bewehrt,d3b59cac-3b4e-4d18-8c3a-780b553c9591,34aa0d55-ab02-41f0-84e1-f8a28cc6280e,Porenbeton P4 05 bewehrt,Porenbeton - bewehrt,Dep+,RC-,0.75,
Porenbeton P4 05 unbewehrt,1a43ae76-2dc9-4a3a-9926-47e7137e773d,3c6051d0-2062-4a92-9f4c-0d48c911978d,"Porenbeton P4 05 unbewehrt, Rho 472 kg/m³",Porenbeton - unbewehrt,Dep+,RC-,0.75,
,,,PP-/PE Folie,KSTBahn,EV-,EV-,0,
Propan (R290),nicht vorhanden,9e9a625d-28eb-4dbd-8278-6da8088ab8a1,Propan (R290),nicht eingestuft,n.e.,n.e.,n.e.,
Pufferspeicher (Edelstahl),nicht vorhanden,6899ae8e-86d3-42d0-a1ba-efe711b3aef2,Pufferspeicher (Edelstahl),nicht eingestuft,n.e.,n.e.,n.e.,
Pufferspeicher (Stahl),nicht vorhanden,6a3a34ff-d40c-474b-9039-4f8db6e7c732,Pufferspeicher (Stahl),nicht eingestuft,n.e.,n.e.,n.e.,
Pulverbeschichten von Metallen,d61a6f60-bcca-4bf6-a151-bd076b4c3366,1d5bba40-a703-4d90-83fd-15593f5936b4,Pulverbeschichten von Metallen,Lacke (auf metall. Untergrund) nicht eingestuft,,n.e.,n.e.,
"Pulverlackierung (Industrie, Außenbereich, weiß)",eaec8e5d-f70a-4993-b3a6-814607f5e7b3,655a3a77-ab75-4553-a706-655d1de10292,"Pulverlackierung (Industrie, Außenbereich, weiß)",Lacke (auf metall. Untergrund) nicht eingestuft,,n.e.,n.e.,
PUR Hartschaum,nicht vorhanden,fb68a5d1-82eb-4e36-b5bd-8db0f3ee7a6d,PUR/PIR Dämmstoff (32 kg/m³),"KSTDämm (PUR, PIR)",EB,SV,0.25,
PUR-Dichtmasse,c34147d4-e691-4733-bf78-8a7ccd039006,302acb89-846f-400c-ba6e-84640d360c1d,PUR-Dichtmasse,"Bitumenkaltkleber, Glasvlies, Glasfaserarmierung, Dichtmassen..",EB,EB,0,
PVC Fußbodenbelag,39da14a3-8f39-4af9-955c-6a70f091acb8,788de5d9-a671-4cd6-9e86-760bb5203ec1,PVC Fußbodenbelag,PVC-Belag,EB,SV,0.75,
PVC Plastisol,0e39587e-8c05-4a8e-80b5-bb9a57bbe164,658b2d08-fd24-4d43-a469-203d594b2278,PVC Plastisol,"Bitumenkaltkleber, Glasvlies, Glasfaserarmierung,..",EB,SV,0.5,
PVC-Dachbahnen,4f4e989b-bd5e-4d85-9a50-53f3c61eea70,57bb6738-f9d8-4c59-b00a-00a217e9feba,PVC-Dachbahnen,PVC-Folie,EB,SV,0.5,
PVC-Dachbahnen,4f4e989b-bd5e-4d85-9a50-53f3c61eea70,57bb6738-f9d8-4c59-b00a-00a217e9feba,PVC-Dachbahnen - nicht rückbaubar (Neueinstuf.),PVC-Folie - verklebt oder nicht rückbaubar,EB,EB,0,
Rasterleuchte 2x T8-36W (LFL),nicht vorhanden,82f2e627-363c-4892-b5f8-9535cbc1fab9,Rasterleuchte 2x T8-36W (LFL),nicht eingestuft,n.e.,n.e.,n.e.,
Rasterleuchte Deckenintegriert 2x T5-28W (LFL),nicht vorhanden,aa724807-9b3d-45e2-99f1-8f2166d47456,Rasterleuchte Deckenintegriert 2x T5-28W (LFL),nicht eingestuft,n.e.,n.e.,n.e.,
Rasterleuchte Deckenintegriert 3x T5-14W (LFL),nicht vorhanden,a45482b5-81a1-4758-889b-829017bd000e,Rasterleuchte Deckenintegriert 3x T5-14W (LFL),nicht eingestuft,n.e.,n.e.,n.e.,
Rasterleuchte Deckenintegriert 3x T8-18W (LFL),nicht vorhanden,6db798a0-de76-44fa-a275-97953f2208a0,Rasterleuchte Deckenintegriert 3x T8-18W (LFL),nicht eingestuft,n.e.,n.e.,n.e.,
"Reaktionsharz auf Epoxidharzbasis, gefüllt",nicht vorhanden,13f0fd9d-3ef6-4453-9d2d-21f2bf4136c5,"Reaktionsharz auf Epoxidharzbasis, gefüllt","Kleber (nicht-mineralisch: Kunstharzkleber,…)",EV-,EV-,0,
Reaktionsharz auf Methacrylatharzbasis,nicht vorhanden,d5b825fb-d0c8-4b7b-899e-2082343c7d9b,Reaktionsharz auf Methacrylatharzbasis,"Kleber (nicht-mineralisch: Kunstharzkleber,…)",EV-,EV-,0,
"Reaktionsharz auf Polyurethan-Basis, wässrig, lösemittelfrei",nicht vorhanden,b35d785c-8f1b-48a1-ba19-6ddce4cb81c3,"Reaktionsharz auf Polyurethan-Basis, wässrig, lösemittelfrei","Kleber (nicht-mineralisch: Kunstharzkleber,…)",EV-,EV-,0,
Recycling Transportbeton C20/25,nicht vorhanden,6739667a-49d1-4a9c-a4b2-eb542167710c,Recycling Transportbeton C20/25 - exkl. Bewehrung,Beton Standard (ohne Bewehr.),RC+,RC+,1,
Recycling Transportbeton C25/30,nicht vorhanden,899ad6d2-c598-4831-bc0a-8638aa034a69,Recycling Transportbeton C25/30 - exkl. Bewehrung,Beton Standard (ohne Bewehr.),RC+,RC+,1,
Recycling Transportbeton C30/37,nicht vorhanden,b38f2dac-fa08-4a9c-ae8d-017f6e2f169f,Recycling Transportbeton C30/37 - exkl. Bewehrung,Beton Standard (ohne Bewehr.),RC+,RC+,1,
Recycling Transportbeton C50/60,nicht vorhanden,5c89cce2-688c-4fed-aa02-eda80ffba5f7,Recycling Transportbeton C50/60  - exkl. Bewehrung,Beton Standard (ohne Bewehr.),RC+,RC+,1,
Regenabflussrohr PVC,d9baa9f5-b9d2-4f8f-928d-2f4116b36662,5030f4d2-b8ae-4a72-9c76-e21b0a7d9089,Regenabflussrohr PVC,nicht eingestuft,n.e.,n.e.,n.e.,
Regenabflussrohr SML,64e16249-8051-483b-968e-46008a43ef18,0ff1831a-bca2-44d0-a277-e416eb8a9b5a,Regenabflussrohr SML,nicht eingestuft,n.e.,n.e.,n.e.,
"Rohre für Strom-Wärmepumpe (Sole-Wasser, Erdkollektor) 10 kW",nicht vorhanden,9044465d-5a05-442b-a82c-a40c26cf4150,"Rohre für Strom-Wärmepumpe (Sole-Wasser, Erdkollektor) 10 kW",nicht eingestuft,n.e.,n.e.,n.e.,
"Rohre für Strom-Wärmepumpe (Sole-Wasser, Erdkollektor) 20 kW",nicht vorhanden,f5499876-5da9-4807-a30e-9203559a1636,"Rohre für Strom-Wärmepumpe (Sole-Wasser, Erdkollektor) 20 kW",nicht eingestuft,n.e.,n.e.,n.e.,
"Rohre für Strom-Wärmepumpe (Sole-Wasser, Erdkollektor) 70 kW",nicht vorhanden,4c1af887-edea-4350-8d75-e54e8b5ca7dc,"Rohre für Strom-Wärmepumpe (Sole-Wasser, Erdkollektor) 70 kW",nicht eingestuft,n.e.,n.e.,n.e.,
"Rohre für Strom-Wärmepumpe (Sole-Wasser, Erdsonde) 10 kW",nicht vorhanden,87e96a7e-8a0b-432f-930b-6b06d07c12c7,"Rohre für Strom-Wärmepumpe (Sole-Wasser, Erdsonde) 10 kW",nicht eingestuft,n.e.,n.e.,n.e.,
"Rohre für Strom-Wärmepumpe (Sole-Wasser, Erdsonde) 20 kW",nicht vorhanden,93a80673-df5c-4432-958f-f241ff31fd9a,"Rohre für Strom-Wärmepumpe (Sole-Wasser, Erdsonde) 20 kW",nicht eingestuft,n.e.,n.e.,n.e.,
"Rohre für Strom-Wärmepumpe (Sole-Wasser, Erdsonde) 70 kW",nicht vorhanden,734f7419-1378-4b79-af5e-09297e5965d9,"Rohre für Strom-Wärmepumpe (Sole-Wasser, Erdsonde) 70 kW",nicht eingestuft,n.e.,n.e.,n.e.,
Rohre für Strom-Wärmepumpe (Wasser-Wasser) 10 kW,nicht vorhanden,02b43df9-fe34-4839-ac3e-5b47cc5f7674,Rohre für Strom-Wärmepumpe (Wasser-Wasser) 10 kW,nicht eingestuft,n.e.,n.e.,n.e.,
Rohre für Strom-Wärmepumpe (Wasser-Wasser) 20 kW,nicht vorhanden,bbc25eaf-d126-4649-b8fa-0e90b67d314f,Rohre für Strom-Wärmepumpe (Wasser-Wasser) 20 kW,nicht eingestuft,n.e.,n.e.,n.e.,
Rohre für Strom-Wärmepumpe (Wasser-Wasser) 70 kW,nicht vorhanden,4270c3ec-7943-4bac-99de-d53043f0f33c,Rohre für Strom-Wärmepumpe (Wasser-Wasser) 70 kW,nicht eingestuft,n.e.,n.e.,n.e.,
Rollladen Kunststoff,nicht vorhanden,986d66de-db26-4512-a113-6e9486324d20,Rollladen Kunststoff,nicht eingestuft,n.e.,n.e.,n.e.,
Rolltor,nicht vorhanden,53f55b54-da26-47a2-9a83-9529eb99eb66,Rolltor,nicht eingestuft,n.e.,n.e.,n.e.,
Rotguss-Bauteil,0cc9aee8-95a6-45bf-b581-1d982e593703,dc48d28c-1d88-4d35-bf71-1249cddd6740,Rotguss-Bauteil,nicht eingestuft,n.e.,n.e.,n.e.,
Sand 0/2,61655387-edd4-4800-ba3e-67bc15f2f096,8125026b-602d-47d5-9087-7470c457d10a,Sand 0/2,Sand,CL+,CL+,1,
Sand 0/2 (getrocknet),c1b237e1-2206-4318-8d99-f023b8aeb5d6,2aff655f-5c9b-4d40-8c14-11b366aba6c9,Sand 0/2 getrocknet,Sand,CL+,CL+,1,
Sanitärkeramik,nicht vorhanden,63c1d882-db0e-42cd-ba84-63adce5deb93,Sanitärkeramik,nicht eingestuft,n.e.,n.e.,n.e.,
,,,Schafwolle (mit Flammschutzmittel),Schafwolle mit Flammschutzmittel,EV-,EV-,0.75,
,,,Schafwolle (ohne Zusatzstoffe),Schafwolle,EV-,RC+,0.75,
Schaumbeton Dämmplatten,nicht vorhanden,37532578-b1c0-4ed6-b209-5b4cb1b15729,Schaumbeton Dämmplatten,Mineralplatte,Dep+,SV,0.75,
,,,Schaumglasgranulat Schüttung,Mineralische Dämmschüttung,SV,CL-,0.75,
Schaumglas Dämmstoff,nicht vorhanden,387dcaea-adf2-4f84-a1b0-b81520126a1c,Schaumglasplatten,Schaumglas,Dep+,SV,0.75,
Schieferplatten,9049a94f-a527-4d87-a4b9-5a3a56f5ea19,8847396e-ce82-433d-9f65-8bc144a2a7a4,"Schiefer, unhandelt",Stein unbehandelt,CL+,CL+,1,
,,,Schilfrohrdämmmatte,Schilfrohr,SV,RC+,0.5,
,,,Schilfrohrdämmmatte - Störst.kl. S4 (Neueinstufung),Schilfrohr  - verunreinigt S4,EV-,SV,0.75,
,,,Schilfrohrmatte (Putzträger),Schilfrohr,SV,RC+,0.5,
Schmelzkammergranulat,d895bdb7-0dff-457e-9ad2-45662fc227f5,05655326-c0c0-4225-8ca4-987f112fc2ce,Schmelzkammergranulat, Grundstoff nicht eingestuft,nicht eingestuft,n.e.,n.e.,n.e.
"Schnittholz Buche (generisch, 12% Feuchte/10,7% H2O)",08bbc2e2-1513-4ce3-816e-99e95fdafc4e,47522e31-78c8-43ea-aac4-c7c9d6ca30ab,Schnittholz Buche ,"Holz - massiv, naturbelassen",RC+,CL+,0.75,
"Schnittholz Buche (generisch, 12% Feuchte/10,7% H2O)",08bbc2e2-1513-4ce3-816e-99e95fdafc4e,47522e31-78c8-43ea-aac4-c7c9d6ca30ab,Schnittholz Buche  - Störstkl. S4 (Neueinstufung),"Holz - behandelt mit HSM , FSM oder Beschichtung schwermetallfrei und halogenorg. V. > 1 und <= 3 M %",EV-,EV-,0,
"Schnittholz Eiche (generisch, 12% Feuchte/10.7% H2O)",7ec1d463-fd99-4b1d-9a57-9a72cac408d2,54343f3c-d101-4dd4-883f-0515c44e38de,Schnittholz Eiche,"Holz - massiv, naturbelassen",RC+,CL+,0.75,
"Schnittholz Eiche (generisch, 12% Feuchte/10.7% H2O)",7ec1d463-fd99-4b1d-9a57-9a72cac408d2,54343f3c-d101-4dd4-883f-0515c44e38de,Schnittholz Eiche - Störstkl. S4 (Neueinstufung),"Holz - behandelt mit HSM , FSM oder Beschichtung schwermetallfrei und halogenorg. V. > 1 und <= 3 M %",EV-,EV-,0,
"Schnittholz Fichte (generisch, 12% Feuchte/10.7% H2O)",3057d7c0-7bee-4ba2-9edf-517d4cd97a14,5f5a9cef-8b0a-4a8a-9828-9a681e5ee399,Schnittholz Fichte,"Holz - massiv, naturbelassen",RC+,CL+,0.75,
"Schnittholz Fichte (generisch, 12% Feuchte/10.7% H2O)",3057d7c0-7bee-4ba2-9edf-517d4cd97a14,5f5a9cef-8b0a-4a8a-9828-9a681e5ee399,Schnittholz Fichte - Störstkl. S4 (Neueinstufung),"Holz - behandelt mit HSM , FSM oder Beschichtung schwermetallfrei und halogenorg. V. > 1 und <= 3 M %",EV-,EV-,0,
"Schnittholz Kiefer (generisch, 12% Feuchte/10,7% H2O)",aea021e8-7e2f-4f6b-ae3f-a76cba4c5d6e,d171cb17-81c4-41c9-9e14-0da45be14221,Schnittholz Kiefer ,"Holz - massiv, naturbelassen",RC+,CL+,0.75,
"Schnittholz Kiefer (generisch, 12% Feuchte/10,7% H2O)",aea021e8-7e2f-4f6b-ae3f-a76cba4c5d6e,d171cb17-81c4-41c9-9e14-0da45be14221,Schnittholz Kiefer  - Störstkl. S4 (Neueinstufung),"Holz - behandelt mit HSM , FSM oder Beschichtung schwermetallfrei und halogenorg. V. > 1 und <= 3 M %",EV-,EV-,0,
"Schnittholz Lärche (generisch, 12% Feuchte/10,7% H2O)",8c47fba4-0e61-48d1-a03f-bf17911f0dae,9d1d96af-3f9b-41fb-bd33-43ec9e2fd1fd,Schnittholz Lärche,"Holz - massiv, naturbelassen",RC+,CL+,0.75,
"Schnittholz Lärche (generisch, 12% Feuchte/10,7% H2O)",8c47fba4-0e61-48d1-a03f-bf17911f0dae,9d1d96af-3f9b-41fb-bd33-43ec9e2fd1fd,Schnittholz Lärche - Störstkl. S4 (Neueinstufung),"Holz - behandelt mit HSM , FSM oder Beschichtung schwermetallfrei und halogenorg. V. > 1 und <= 3 M %",EV-,EV-,0,
"Schnittholz Zeder (generisch, 12% Feuchte/10,7% H2O)",d7073560-4c4b-4cb0-b6bf-a902950c5109,de1d54e8-8211-416b-9ff6-cebeb5123c71,Schnittholz Zeder ,"Holz - massiv, naturbelassen",RC+,CL+,0.75,
"Schnittholz Zeder (generisch, 12% Feuchte/10,7% H2O)",d7073560-4c4b-4cb0-b6bf-a902950c5109,de1d54e8-8211-416b-9ff6-cebeb5123c71,Schnittholz Zeder  - Störstkl. S4 (Neueinstufung),"Holz - behandelt mit HSM , FSM oder Beschichtung schwermetallfrei und halogenorg. V. > 1 und <= 3 M %",EV-,EV-,0,
Schornstein Edelstahl (Einwandig),nicht vorhanden,97baa88a-6528-41c3-8943-1ee8094645f5,Schornstein Edelstahl (Einwandig),nicht eingestuft,n.e.,n.e.,n.e.,
Schornstein gemauert (Einzügig),nicht vorhanden,1778444e-e7a5-46dc-8260-64afe41f8a2e,Schornstein gemauert (Einzügig),nicht eingestuft,n.e.,n.e.,n.e.,
Schornstein gemauert (Zweizügig),nicht vorhanden,5b35df13-7d69-43a5-9532-98f62bc2f460,Schornstein gemauert (Zweizügig),nicht eingestuft,n.e.,n.e.,n.e.,
Schornstein Polypropylen (PP),nicht vorhanden,3cf1e41b-66b6-4475-b69c-8866e267a02f,Schornstein Polypropylen (PP),nicht eingestuft,n.e.,n.e.,n.e.,
Schotter 16/32,bd6aa879-e6e6-4181-afc5-1374b2f32dd1,85fc79d8-ba39-4236-993e-eeb928d9ae6f,Schotter 16/32,Kies / Schotter / Splitt,CL+,CL+,1,
Schotter 16/32 (getrocknet),de7fbcfc-0ee0-4e65-a1f9-af1551a20281,2f04b410-9ca3-4984-a9f2-8475a6e9b5c1,Schotter 16/32 (getrocknet),Kies / Schotter / Splitt,CL+,CL+,1,
Schüttung aus Polystyrolschaumstoff-Partikeln (ohne Bindemittel),e6b12fcd-c1fb-40d9-a9ec-d0149c3d1cd8,198043f5-de31-4fab-a300-53639b983dd1,Schüttung aus Polystyrolschaumstoff-Partikeln (ohne Bindemittel),EPS - Sz. RC als Schütt.,EV-,SV,0.75,
Schüttung aus Polystyrolschaumstoff-Partikeln (ohne Bindemittel),e6b12fcd-c1fb-40d9-a9ec-d0149c3d1cd8,198043f5-de31-4fab-a300-53639b983dd1,Schüttung aus Polystyrolschaumstoff-Partikeln (ohne Bindemittel),EPS - Sz. Energet. Beseitig.,EV-,EV-,0,
Schüttung aus Polystyrolschaumstoff-Partikeln (zementgebunden),704177f4-78cd-47a3-b71c-07899df86615,84e317e1-9d87-4246-bd95-0777aaf2dc3f,Schüttung aus Polystyrolschaumstoff-Partikeln (zementgebunden),Schüttung organ./min. gebunden,Dep-,Dep-,0,
,,,Silikat-Dispersionsputz (mineral. Untergrund),"mineral. Putz, Mörtel, Kleber",Dep+,Dep+,0,
,,,Silikatputz,organ. Putz,Dep-,Dep-,0,
Silikon-Dichtmasse,bc8d8fd4-6c25-4bd6-bcbf-6f994e8e5753,f31a93c2-0132-4508-916d-14579f636fb8,Silikon-Dichtmasse,"Bitumenkaltkleber, Glasvlies, Glasfaserarmierung,..",EB,EB,0,
,,,Silikonharzputz,organ. Putz,Dep-,Dep-,0,
Solaranlage Flachkollektor,nicht vorhanden,ad5f4666-dffa-45d4-abe4-fb5ab74d63e1,Solaranlage Flachkollektor,nicht eingestuft,n.e.,n.e.,n.e.,
Solaranlage Vakuumröhrenkollektor,nicht vorhanden,904204ca-cdaa-49ac-a899-4fabf8e56456,Solaranlage Vakuumröhrenkollektor,nicht eingestuft,n.e.,n.e.,n.e.,
Sonnenschutzlammellen Aluminium,nicht vorhanden,8f414283-3fb2-4255-b721-f29bfb12e5b2,Sonnenschutzlammellen Aluminium,nicht eingestuft,,,,
Sonnenschutztuch,5662c927-cd47-46e5-b753-925db31b9870,3511337e-eca7-487b-b185-a819a4b238ed,Sonnenschutztuch,nicht eingestuft,n.e.,n.e.,n.e.,
Spanplatte (generisch),60e8b384-adf2-4c3b-b3da-e407df106cf5,07a8b3de-9406-4184-bb6e-c9208983c868,Spanplatte,Holzwerkstoff - nicht beschichtet,RC+,RC+,1,
Sperrholzplatte (generisch),cc180aec-8a5c-4e07-b1a0-1ab81dd746ac,f9f742db-d695-456a-9793-0636eab7df05,Sperrholzplatte,Holzwerkstoff - nicht beschichtet,RC+,RC+,1,
Splitt 2/15,26ad7410-7fcb-42e8-b622-d1ba2edbf10c,d47c49c6-fb84-4b33-9710-bb442180823b,Splitt 2/15,Kies / Schotter / Splitt,CL+,CL+,1,
Splitt 2/15 (getrocknet),7502766c-df2f-4f8d-8d45-17bb6938eac8,6e54b3c4-5399-4579-bb31-397cc271e341,Splitt 2/15 (getrocknet),Kies / Schotter / Splitt,CL+,CL+,1,
,,,"Splitt 2/8, dauerelastisch gebunden (Latex, sonstige Polymere)",Schüttung organ./min. gebunden,Dep-,Dep-,0,
Splittmastixasphalt (SMA),19f46be3-d65a-441f-8d74-dfc412160cf1,78fb80c2-6d74-49fe-97fa-4d436af75106,Splittmastixasphalt SMA,Asphalt (Hochbau),Dep+,CL+,0.75,
,,,Splittschüttung mineral. geb.,Schüttung min./min. gebunden,RC-,RC-,1,
Stabparkett (generisch),88619ce6-c0aa-43bd-9ac6-477b5d6ce442,96a73457-ae7d-49ff-906a-d10e6b11d82c,Stabparkett,Holzwerkstoffboden,RC-,RC-,1,
"Stahl Feinblech (0,3-3,0mm)",9cbdbafe-8377-46ca-a640-8e3c8fc518c0,bca0565e-ee92-4b32-939e-60c67e503390,"Stahl Feinblech (0,3-3,0mm), unverzinkt",Stahl - Stahlblech,CL+,CL+,1,
Stahl Feinblech (20µm bandverzinkt),93edef71-49e3-4e1f-ba6d-1e449e7d328d,e4d32a41-ad4e-48bd-8ad9-56f50f495503,Stahl Feinblech (20µm bandverzinkt),Stahl - Stahl(blech) verzinkt,CL-,CL-,1,
Stahl Schmiedebauteil,a255934e-5461-4501-9acf-20ad1b51b044,702a41a1-d009-4c7b-9f4f-cd999f9da7de,Stahl Schmiedebauteil,"Stahl - Baustahl (zB Stahlträger,..)",CL+,CL+,1,
Stahl warmgewalzte Bleche (2-20mm),531ab34f-6750-41a8-aedc-35cf4df3c8b1,467aee4d-03e3-4bf5-a916-8d279d5a5f29,Stahl warmgewalzte Bleche (2-20mm),Stahl - Stahlblech,CL+,CL+,1,
Stahlprofil,38051c22-fbd1-4b0e-944a-ae348b8c7695,8b1ac41c-10ab-453f-a761-edf1a603aea6,Stahlprofil,"Stahl - Baustahl (zB Stahlträger,..)",CL+,CL+,1,
"Stahlprofil verzinkt (Elektrolichtbogenroute, hoher Schrottanteil)",nicht vorhanden,ae5396d9-2952-4eae-b216-17d56758ece0,Stahlprofil verzinkt,Stahl - Stahl(blech) verzinkt,CL-,CL-,1,
Stahlrohr,nicht vorhanden,eeda9e75-727c-474d-8c54-3982cafe07d7,Stahlrohr,nicht eingestuft,n.e.,n.e.,n.e.,
Stampflehmwand,59622fc0-d719-43bf-a16b-ae924ae0d276,3f9ebd47-f93e-4fee-859a-13700134ee3c,Stampflehmwand,Lehm,SV,CL+,0.75,
Stampflehmwand,59622fc0-d719-43bf-a16b-ae924ae0d276,3f9ebd47-f93e-4fee-859a-13700134ee3c,Stampflehmwand mit CL-Nachweis,Lehm - Störstoffkl. S4 (Neueinstuf.),Dep+,Dep+,0.75,
Stampflehmwand,59622fc0-d719-43bf-a16b-ae924ae0d276,3f9ebd47-f93e-4fee-859a-13700134ee3c,Stampflehmwand - Störstoffkl. S4 (Neueinstuf.),Lehm mit CL-Nachweis,CL+,CL+,1,
Steckdose,nicht vorhanden,4d1aa3d8-8be7-437e-ab52-84e8616a259b,Steckdose,nicht eingestuft,n.e.,n.e.,n.e.,
Steinkohleflugasche,a8640bfd-5ae3-4893-bfe8-d5ab59ec8134,b4a1794e-c12f-4594-aeed-25ea1c3574a4,Steinkohleflugasche, Grundstoff nicht eingestuft,nicht eingestuft,n.e.,n.e.,n.e.
Mineralwolle (Boden-Dämmung),2691d6e4-a41e-40d7-92ca-680f8785fc1d,58b1ba79-459b-4d58-bc39-91a8f98e71ba,Mineralwolle (Boden-Dämmung),Mineralwolle Steinwolle,Dep-,RC-,0.5,
Mineralwolle (Fassaden-Dämmung),f8afef87-5de3-4996-838c-1f2af9ef81df,4fa62445-e59f-4874-99e5-49cec91967e0,Mineralwolle (Fassaden-Dämmung),Mineralwolle Steinwolle,Dep-,RC-,0.5,
Mineralwolle (Flachdach-Dämmung),4477c6ca-b728-41fb-a231-366e159a73df,6ef00a53-1ddc-4c60-8840-e57a860ce18b,Mineralwolle (Flachdach-Dämmung),Mineralwolle Steinwolle,Dep-,RC-,0.5,
Mineralwolle (Innenausbau-Dämmung),fafd5743-0b42-4614-8e3d-5c4eacdfba98,8808dd39-82fb-49bb-8ad3-6cb0894292ae,Mineralwolle (Innenausbau-Dämmung),Mineralwolle Steinwolle,Dep-,RC-,0.5,
Mineralwolle (Schrägdach-Dämmung),86380db6-3062-4d40-826d-732c24ed3cad,cb0c2e5b-be08-47bd-badb-77ac39ae026d,Mineralwolle (Schrägdach-Dämmung),Mineralwolle Steinwolle,Dep-,RC-,0.5,
Steinwolle Flachdämmplatte,nicht vorhanden,be9b6d26-6284-4fe2-ae46-bf84e0f60043,Steinwolle Flachdämmplatte,Mineralwolle Steinwolle,Dep-,RC-,0.5,
Steinwolle Heizungsrohrschale,nicht vorhanden,026057da-e1ae-4259-8f0b-91c917c63456,Steinwolle Heizungsrohrschale,Mineralwolle Steinwolle,Dep-,RC-,0.5,
Steinzeugfliesen glasiert,b4a0e610-e038-47d3-b86e-cef013cd7c83,422b43de-406b-46fa-8a87-c5d446fba399,Steinzeugfliesen glasiert,Keramik - Boden,RC-,RC-,1,
Steinzeugfliesen unglasiert,bc2f9dde-f2a6-4630-bf7c-0ad3870012ef,3830f872-628b-4e3f-8370-b7c6efcfcc70,Steinzeugfliesen unglasiert,Keramik - Boden,RC-,RC-,1,
Steinzeugrohre DN 250,335c3c94-a981-4dbd-af2f-811e918f1b94,d69d0bdd-c003-4038-b9b1-79bceda2e956,Steinzeugrohre DN 250 nicht eingestuft,nicht eingestuft,n.e.,n.e.,n.e.,
Steinzeugrohre DN 400,b59f6603-c75b-47bb-b1f1-5336affb2acd,7d0b5f1b-9490-4eda-af7e-5f1a01cbd149,Steinzeugrohre DN 400 nicht eingestuft,nicht eingestuft,n.e.,n.e.,n.e.,
Strohdämmung,nicht vorhanden,89ffc2cd-fb84-41df-9ebe-cda946ebf2bd,Strohdämmung,Strohballen,SV,SV,0,
Strom-Wärmepumpe (Luft-Wasser) 10 kW,nicht vorhanden,00ab3cef-5d1b-48c8-a220-4f8ac01b7dd7,Strom-Wärmepumpe (Luft-Wasser) 10 kW,nicht eingestuft,n.e.,n.e.,n.e.,
Strom-Wärmepumpe (Luft-Wasser) 14 kW,nicht vorhanden,19a1a962-7b4b-45e8-8446-c82a15675925,Strom-Wärmepumpe (Luft-Wasser) 14 kW,nicht eingestuft,n.e.,n.e.,n.e.,
Strom-Wärmepumpe (Luft-Wasser) 7 kW,nicht vorhanden,d59feef8-7a26-499b-a9d8-7149b5d3de24,Strom-Wärmepumpe (Luft-Wasser) 7 kW,nicht eingestuft,n.e.,n.e.,n.e.,
"Strom-Wärmepumpe (Sole-Wasser, Erdkollektor) 10 kW",nicht vorhanden,d4c60a37-2753-4f45-9bfe-4cefe31fd857,"Strom-Wärmepumpe (Sole-Wasser, Erdkollektor) 10 kW",nicht eingestuft,n.e.,n.e.,n.e.,
"Strom-Wärmepumpe (Sole-Wasser, Erdkollektor) 20 kW",nicht vorhanden,c5dfadb5-96a0-44fb-ac93-3cd1c4786e96,"Strom-Wärmepumpe (Sole-Wasser, Erdkollektor) 20 kW",nicht eingestuft,n.e.,n.e.,n.e.,
"Strom-Wärmepumpe (Sole-Wasser, Erdkollektor) 70 kW",nicht vorhanden,4058e075-4b05-452b-b3a8-17c2378026df,"Strom-Wärmepumpe (Sole-Wasser, Erdkollektor) 70 kW",nicht eingestuft,n.e.,n.e.,n.e.,
"Strom-Wärmepumpe (Sole-Wasser, Erdsonde) 10 kW",nicht vorhanden,d939cdd6-98eb-4fcd-9e30-c77ded7a5399,"Strom-Wärmepumpe (Sole-Wasser, Erdsonde) 10 kW",nicht eingestuft,n.e.,n.e.,n.e.,
"Strom-Wärmepumpe (Sole-Wasser, Erdsonde) 20 kW",nicht vorhanden,37ca01de-bb46-4648-a937-7ac200da6142,"Strom-Wärmepumpe (Sole-Wasser, Erdsonde) 20 kW",nicht eingestuft,n.e.,n.e.,n.e.,
"Strom-Wärmepumpe (Sole-Wasser, Erdsonde) 70 kW",nicht vorhanden,c31b821c-214e-4f6f-894f-5f524949e51d,"Strom-Wärmepumpe (Sole-Wasser, Erdsonde) 70 kW",nicht eingestuft,n.e.,n.e.,n.e.,
Strom-Wärmepumpe (Wasser-Wasser) 10 kW,nicht vorhanden,5b4acb87-0a01-41d7-85a6-213dec526682,Strom-Wärmepumpe (Wasser-Wasser) 10 kW,nicht eingestuft,n.e.,n.e.,n.e.,
Strom-Wärmepumpe (Wasser-Wasser) 20 kW,nicht vorhanden,0cfcc4ad-1469-458b-a842-b65af7af3e85,Strom-Wärmepumpe (Wasser-Wasser) 20 kW,nicht eingestuft,n.e.,n.e.,n.e.,
Strom-Wärmepumpe (Wasser-Wasser) 70 kW,nicht vorhanden,9dcaae24-3f7b-45e6-8318-50ff94ef693f,Strom-Wärmepumpe (Wasser-Wasser) 70 kW,nicht eingestuft,n.e.,n.e.,n.e.,
Tetrafluorethan (R134a),nicht vorhanden,6af11f95-8ce6-4226-876b-7e14d486e5ec,Tetrafluorethan (R134a),nicht eingestuft,n.e.,n.e.,n.e.,
Tetrafluorpropen (R1234ze),nicht vorhanden,570bfed7-c3e0-4dd0-acd1-c23d32070edb,Tetrafluorpropen (R1234ze),nicht eingestuft,n.e.,n.e.,n.e.,
"Teppichboden (mehrschichtiges Nadelvlies, 1400 g/m²)",76ab64f6-6d08-4b67-8cd7-13d26e68d95a,de899441-c205-4d7d-81db-89366a4fa01a,"Textile Fußbodenbeläge mehrschichtiges Nadelvlies (Teppichboden, 1400 g/m²)",Bodenbelag textil 100 % synthetisch,EV-,EV-,0,
"Thermisch behandeltes Holz (1 m3, 409 kg/m3)",nicht vorhanden,1d2b97ed-0f6f-4a6a-acd5-ea13ff23d893,Thermisch behandeltes Holz,Holz - therm. Behandelt,EV+,EV+,0,
Tragdeckschicht,d84cbf6a-0a50-426f-aa3d-c45918b43575,24d554b6-a720-45a3-b80d-17a46e612f26,Tragdeckschicht  Beton,Beton Standard (ohne Bewehr.),RC+,RC+,1,
Tragdeckschicht,d84cbf6a-0a50-426f-aa3d-c45918b43575,24d554b6-a720-45a3-b80d-17a46e612f26,Tragdeckschicht  Beton - Störstoffkl. S4 (Neueinstuf.),Beton - Störstoffkl. S4 (ohne Bewehr.),SV,RC-,0.75,
Tragende Wärmedämmelemente,nicht vorhanden,cc00224b-2ff6-4377-b518-c663039d6a4a,Tragende Wärmedämmelemente,nicht eingestuft,n.e.,n.e.,n.e.,
Transparente Platten PC,222023f8-36c2-4345-a863-b49828a41e96,690ebc5b-80ad-47c3-8d26-8db3504c7d81,Transparente Platten PC,KSTPlatte (zB transparente Platten),EV-,EV-,0,
"Transparente Platten PMMA, extrudiert",41b8a86d-5d44-49fb-a9b8-de2a9041f1fd,eda737e1-1012-4324-aff5-d070800468ab,"Transparente Platten PMMA, extrudiert",KSTPlatte (zB transparente Platten),EV-,EV-,0,
"Transparente Platten PMMA, gegossen",795ab193-fc50-463d-a5f8-e37d5336ee78,73f1bfa7-c79e-4129-bf1a-eee28cc3c85f,"Transparente Platten PMMA, gegossen",KSTPlatte (zB transparente Platten),EV-,EV-,0,
Transparente Platten PVC,5a88b96e-23d0-4656-9ee2-fc271c89c95b,4a2a46c8-b646-4cf5-b2d7-72c2c1a27fae,Transparente Platten PVC,PVC hart,SV,SV,0,
Transportbeton C20/25,9702d9ab-2af2-4fdc-9d99-225583a9ffb7,923e1c71-f172-4902-a5f5-c4a1e8a773bc,"Transportbeton C20/25 - exkl. Bewehrung, Standard EoL",Beton Standard (ohne Bewehr.),RC+,RC+,1,
Transportbeton C20/25,9702d9ab-2af2-4fdc-9d99-225583a9ffb7,923e1c71-f172-4902-a5f5-c4a1e8a773bc,"Transportbeton C20/25 - exkl. Bewehrung, Störst.kl. S4 (Neueinstufung)",Beton - Störstoffkl. S4 (ohne Bewehr.),SV,RC-,0.75,
Transportbeton C25/30,nicht vorhanden,d2ae1721-bb2a-4386-9d9f-abb1c774b0a8,"Transportbeton C25/30 - exkl. Bewehrung, Standard EoL",Beton Standard (ohne Bewehr.),RC+,RC+,1,
Transportbeton C25/30,nicht vorhanden,d2ae1721-bb2a-4386-9d9f-abb1c774b0a8,"Transportbeton C25/30 - exkl. Bewehrung, Störst.kl. S4 (Neueinstufung)",Beton - Störstoffkl. S4 (ohne Bewehr.),SV,RC-,0.75,
Transportbeton C30/37,a758fb6a-7fb1-4cdc-b652-c42cf2f7632c,258b377e-ec3b-4e8c-b3fd-dda1eb370f7d,"Transportbeton C30/37 - exkl. Bewehrung, Standard EoL",Beton Standard (ohne Bewehr.),RC+,RC+,1,
Transportbeton C30/37,a758fb6a-7fb1-4cdc-b652-c42cf2f7632c,258b377e-ec3b-4e8c-b3fd-dda1eb370f7d,"Transportbeton C30/37 - exkl. Bewehrung, Störst.kl. S4 (Neueinstufung)",Beton - Störstoffkl. S4 (ohne Bewehr.),SV,RC-,0.75,
Transportbeton C50/60,nicht vorhanden,079ed601-8b92-49cd-9c09-ab8e067366cf,"Transportbeton C50/60 - exkl. Bewehrung, Standard EoL",Beton Standard (ohne Bewehr.),RC+,RC+,1,
Transportbeton C50/60,nicht vorhanden,079ed601-8b92-49cd-9c09-ab8e067366cf,"Transportbeton C50/60 - exkl. Bewehrung, Störst.kl. S4 (Neueinstufung)",Beton - Störstoffkl. S4 (ohne Bewehr.),SV,RC-,0.75,
Trinkwasser,nicht vorhanden,eda13669-a0e3-4c7c-a56e-8d940106ad96,Trinkwasser,nicht eingestuft,n.e.,n.e.,n.e.,
Trinkwasserrohr PB,45db3c26-a316-4ba7-ade5-6adc43c71118,5cddd8d6-f777-4c55-99c4-7f8cb9f23a75,"Trinkwasserrohr PB, nicht eingestuft",nicht eingestuft,n.e.,n.e.,n.e.,
Trinkwasserrohr PE-X,9d623359-570b-40ca-8875-60dea3687846,a55d07bf-ce4b-427b-ab45-e4e1356c839b,"Trinkwasserrohr PE-X, nicht eingestuft",nicht eingestuft,n.e.,n.e.,n.e.,
Trinkwasserrohr PE-X-Alu,4c33a250-3979-4e5f-9a7c-0d351085da22,c9d466d3-d5cb-4be6-9ae3-609212c4438a,"Trinkwasserrohr PE-X-Alu, nicht eingestuft",nicht eingestuft,n.e.,n.e.,n.e.,
Trinkwasserrohre PE X-Alu-PE X,47165a1f-51e3-4612-b076-facd01e3b236,fc1c6f12-1e04-4c51-9836-81a4d7743528,"Trinkwasserrohre PE X-Alu-PE X, nicht eingestuft",nicht eingestuft,n.e.,n.e.,n.e.,
"Trockenestrich (Gipsfaserplatte, 25 mm)",a9a79b38-dc2c-4b51-a3cc-cf9fa0d299e7,3ef401d0-e1fc-4ff3-bf94-a3ee6a460fdf,Trockenestrich (Gipsfaserplatte),Gipsfaser,Dep+,RC-,0.25,
"Trockenestrich (Gipskartonplatte, 25 mm)",ab574186-139f-4816-b7c1-d457b1258c7d,93a02bbc-e268-4d2f-a8c4-7cda473b7eab,Trockenestrich (Gipskartonplatte),Gipsplatte,Dep+,CL+,0.75,
Übergabestation Fernwärme,nicht vorhanden,89956dbd-9cd4-4698-8e06-e7292f543246,Übergabestation Fernwärme,nicht eingestuft,n.e.,n.e.,n.e.,
Umwälzpumpe < 50W,nicht vorhanden,b28fcab6-a377-47bc-b013-246866b07283,Umwälzpumpe < 50W,nicht eingestuft,n.e.,n.e.,n.e.,
Umwälzpumpe 250-1000W,nicht vorhanden,5b5ed926-7052-48d3-a6b8-9039c04f5036,Umwälzpumpe 250-1000W,nicht eingestuft,n.e.,n.e.,n.e.,
Umwälzpumpe 50-250W,nicht vorhanden,700c0c68-8aec-48b8-a276-aa60a01babda,Umwälzpumpe 50-250W,nicht eingestuft,n.e.,n.e.,n.e.,
Unterspannbahn PE gewebeverstärkt,66a90b47-27b8-46ce-830e-8ed22f4165d8,e1a3feae-f090-41d7-8697-dfd5b28e0607,Unterspannbahn PE gewebeverstärkt,KSTBahn,EV-,EV-,0,
Unterspannbahn PP,deb7fe73-3eb8-4f80-937b-7ce3a0a977ed,9c355da1-8e97-448e-b66b-10e04316bf20,Unterspannbahn PP,KSTBahn,EV-,EV-,0,
Unterspannbahn PUR auf PET-Vlies,a92bd5a5-7cef-4050-8659-20a8d5a7a72b,d4dc2df9-deda-4b02-bb0d-952ce44d2fe6,Unterspannbahn PUR auf PET-Vlies,KSTBahn,EV-,EV-,0,
"Vakuum-Isolations-Paneel (VIP), unkaschiert",nicht vorhanden,1a6a306b-6c9f-4953-9bdf-2617a11e4d37,"Vakuum-Isolations-Paneel (VIP), unkaschiert",VIP,Dep+,Dep+,1,
Vegetationssubstrat,5cc8769c-da1b-4967-bb4d-c8fe7b4c359d,4673fe2d-2d7b-40f6-906b-269fd056236e,Vegetationssubstrat,Substrat,CL+,CL+,1,
Voranstrich (Silikat-Dispersion),85c41389-d62e-4dff-a819-896b35367cbc,d6dc8844-4d8a-4abe-8ce9-db39c965f5bf,Voranstrich (Silikat-Dispersion),"Farben, sonstige Beschichtungen (mineral. Untergrund)",Dep+,Dep+,0,
Voranstrich (Silikonharz),nicht vorhanden,8ad88978-affe-46c4-9e69-73a886779876,Voranstrich (Silikonharz),"Farben, sonstige Beschichtungen (mineral. Untergrund)",Dep+,Dep+,0,
Vormauerziegel,f74a19da-df9a-4462-a632-3b3dc83377b1,34303fdd-b939-450a-9ca5-269773fc9d4d,Vormauerziegel (ohne Mörtel),"Ziegel - Vormauer, Vollziegel",RC+,RC+,1,
Vorschaltgerät EVG,nicht vorhanden,9a83d59d-08c0-4b96-8b4e-4f8bc894d58c,Vorschaltgerät EVG,nicht eingestuft,n.e.,n.e.,n.e.,
Vorschaltgerät VVG,nicht vorhanden,68c707ce-5b1b-4d7d-b21b-731bc8aaf0d1,Vorschaltgerät VVG,nicht eingestuft,n.e.,n.e.,n.e.,
Wannenleuchte (Feuchtraum) T8-36W (LFL),nicht vorhanden,1859ec2f-ff4c-4ac4-875e-dd1667cba59a,Wannenleuchte (Feuchtraum) T8-36W (LFL),nicht eingestuft,n.e.,n.e.,n.e.,
Waschbims,2603f11f-509b-4bf2-910e-2fd358c16ff3,d1c2e94a-6ff8-49c2-ae89-ccb6a0f28938,Waschbims,Bims / Blähschüttung,Dep+,RC+,0.75,
"Wasserdichte, flexible Schutzschicht unter keramischen Belägen in Duschen u Bäden",nicht vorhanden,58721f56-ae5c-453f-8074-3cefc87403c1,"Wasserdichte, flexible Schutzschicht unter keramischen Belägen in Duschen u Bäden","Farben, sonstige Beschichtungen (mineral. Untergrund)",Dep+,Dep+,0,
Wasserlack weiß,0f072f06-faa5-466e-970c-a7215685f5a2,3ec35876-5628-4749-a50c-f96e02a7e09e,Wasserlack weiß,Lacke (auf Holzuntergrund),EV-,EV-,0,
WC Sitz/Deckel (Duroplast),nicht vorhanden,6ec85308-cc64-4db8-9e28-1067be4c56d6,WC Sitz/Deckel (Duroplast),nicht eingestuft,n.e.,n.e.,n.e.,
WDVS EPS mit Schienenbefestigung,nicht vorhanden,1c8141cb-84f5-4ee9-95e4-cf83e754cc2f,WDVS EPS mit Schienenbefestigung,nicht eingestuft,n.e.,n.e.,n.e.,
WDVS Verklebung und Beschichtung Dekorputz mineralisch,49fe2b06-ea9c-4cef-b0a1-a75fd1ed6bf8,f873f2a7-560a-410c-97e7-dfe121134b26,WDVS Verklebung und Beschichtung Dekorputz mineralisch,WDVS - Putz etc.,Dep-,Dep-,0,
WDVS Verklebung und Beschichtung Kratzputz mineralisch,e5cd5727-a516-4081-8fdf-4fc0ce142d90,8dec64ad-430f-4c96-bae1-e46814af2b70,WDVS Verklebung und Beschichtung Kratzputz mineralisch,WDVS - Putz etc.,Dep-,Dep-,0,
WDVS Verklebung und Beschichtung Kunstharzputz,88cc57f7-384d-47a3-826a-e4fce57a32bd,46a05844-3fbf-47ef-889a-e7f1a4b4f825,WDVS Verklebung und Beschichtung Kunstharzputz,WDVS - Putz etc.,Dep-,Dep-,0,
WDVS Verklebung und Beschichtung Leichtputz mineralisch,6108c144-5112-4f18-bcb1-d1ff8eb831a6,aeb54e7e-6950-41c5-a10e-0ba3b38ea774,WDVS Verklebung und Beschichtung Leichtputz mineralisch,WDVS - Putz etc.,Dep-,Dep-,0,
WDVS Verklebung und Beschichtung Silikat-Dispersionsputz,94ef6ac0-956a-4d60-9062-990df91e7917,2d42602d-9913-43ed-8703-d953f7854bca,WDVS Verklebung und Beschichtung Silikat-Dispersionsputz,WDVS - Putz etc.,Dep-,Dep-,0,
WDVS Verklebung und Beschichtung Silikonharzputz,1b84e630-6489-493e-a066-1b976684dd03,6e95743d-cdf3-4646-a6ea-f9b2bb752821,WDVS Verklebung und Beschichtung Silikonharzputz,organ. Putz,Dep-,Dep-,0,
WPC (Wood Plastic Composite) Terrassendiele,nicht vorhanden,4a6ffbb6-e7bc-4861-82ba-ee6a6704250f,Wood-Plastic-Composites,WPC,EB,EB,0,
WPC (Wood Plastic Composite) Terrassendiele,nicht vorhanden,4a6ffbb6-e7bc-4861-82ba-ee6a6704250f,Wood-Plastic-Composites (halogenfrei),WPC - Nachweis halogenfrei,EV-,EV-,0,
Zellulosefaser Einblas-Dämmstoff,c355d75b-9026-4899-a41c-e5d221c424f2,e08642c5-4c81-4170-9130-d7fa8fb6509f,Zellulosefaser Einblas-Dämmstoff,Zellulosefaserflocken,EV-,RC+,0.75,
Zellulosefaserplatten,cf963fcb-0e03-48c0-b501-ad0d1e3c22c0,acf6b988-2458-4ddc-aef8-9a6cd3a78485,Zellulosefaserplatten,Zellulosefaserplatten,EV-,EV-,0,
"Zement (CEM II 32,5)",63f50bbb-8257-47fe-93d5-ca5ad26e5187,55af842c-7d33-4d0c-b33b-ac7564e573bf,"Zement (CEM II 32,5)",nicht eingestuft,n.e.,n.e.,n.e.,
"Zement (CEM II 42,5)",08d59fb4-e75c-4f31-82f2-caa0bcaa5f04,b29a4886-1bcf-4c3c-9df3-206ef1075fd6,"Zement (CEM II 42,5)",nicht eingestuft,n.e.,n.e.,n.e.,
"Zement (CEM II 52,5)",efb06021-90c7-411f-a85c-8dfa000f0004,d4f9c71a-c59d-43b4-ac7a-27d959bbec11,"Zement (CEM II 52,5)",nicht eingestuft,n.e.,n.e.,n.e.,
Zement (CEM II/A),bff1b0ac-5d16-4cce-9e5d-a3269eff093c,49b9328a-3e77-4cea-98b8-5704a7b24883,Zement (CEM II/A),nicht eingestuft,n.e.,n.e.,n.e.,
Zement (CEM II/B),df40fb5f-9a10-422d-8d95-69a3af9d0d96,304088d3-b7e0-4e6c-ac37-2044e7587bf1,Zement (CEM II/B),nicht eingestuft,n.e.,n.e.,n.e.,
"Zement (CEM III 42,5)",55105a8e-947d-47fe-a98e-3bcf356edfdc,a6376437-3772-4938-b7bb-d97b60628f11,"Zement (CEM III 42,5)",nicht eingestuft,n.e.,n.e.,n.e.,
"Zement (CEM III 52,5)",2a770c8c-5b2e-47ac-991c-12628c334818,481003fc-00ca-42c3-8a93-d205a0793e0c,"Zement (CEM III 52,5)",nicht eingestuft,n.e.,n.e.,n.e.,
"Zement (CEM IV 32,5)",ca486c76-6f0d-4c19-bd16-22de46ac06fd,1bf1d9f6-3872-4fd7-937c-2a98b4413496,"Zement (CEM IV 32,5)",nicht eingestuft,n.e.,n.e.,n.e.,
"Zement (CEM IV 42,5)",a43dd541-cfd8-4ff5-b632-67dcece91095,a70ee09d-69c6-4b6b-99e8-7a267fb4af6a,"Zement (CEM IV 42,5)",nicht eingestuft,n.e.,n.e.,n.e.,
Zementestrich,0973f221-2284-4892-ae3d-1b8c2986b6dd,abc6d78d-f274-4400-8f31-fe8d4c2949c9,Zementestrich,Estrich CT - Zementestrich,Dep+,RC-,0.25,
Zementgebundene Spanplatte (generisch),a0d69f94-040e-44b1-a88b-bbaeeb0aae2a,c772eb77-7b60-4b1f-8b5b-0be23e26549a,Zementgebundene Spanplatte,Holzzement,Dep-,SV,0.25,
Zementmörtel,b2c3f5a3-7858-4644-a49a-2eb883d37c91,9a08a2a7-b986-4b1a-b61f-ba65cc7414aa,Zementmörtel,"mineral. Putz, Mörtel, Kleber",Dep+,Dep+,0,
Zinkblech,nicht vorhanden,c0e75107-cbcc-42ac-9b33-760efa5f90bf,Zinkbleche,Zink,CL+,CL+,1,
